,Mintimes,Mintypes,Errors,Units,Data_group,Ecorr,OC,Weights
0,2454531.947055,0,1.5e-05,,Literature,-6676.0,-1.750420778989792e-05,4444444444.444445
1,2454532.917675,0,1.5e-05,,Literature,-6670.0,-2.017989754676819e-05,4444444444.444445
2,2454535.991285,0,1.5e-05,,Literature,-6651.0,-4.865415394306183e-05,4444444444.444445
3,2454536.961895,0,1.5e-05,,Literature,-6645.0,-6.13299198448658e-05,4444444444.444445
4,2454554.918436,0,1.5e-05,,Literature,-6534.0,-3.983592614531517e-05,4444444444.444445
5,2454568.830696,0,1.5e-05,,Literature,-6448.0,-3.819214180111885e-05,4444444444.444445
6,2454569.963026,0,1.5e-05,,Literature,-6441.0,-0.00010131392627954483,4444444444.444445
7,2454582.904736,0,1.5e-05,,Literature,-6361.0,-2.6993919163942337e-05,4444444444.444445
8,2454583.875346,0,1.5e-05,,Literature,-6355.0,-3.9670150727033615e-05,4444444444.444445
9,2454639.686207,0,1.5e-05,,Literature,-6010.0,1.7459969967603683e-05,4444444444.444445
10,2454917.284245,0,9e-05,,Literature,-4294.0,-2.9875896871089935e-05,123456790.12345678
11,2454918.254885,0,4e-05,,Literature,-4288.0,-1.2551899999380112e-05,624999999.9999999
12,2454918.901895,0,1.5e-05,,Literature,-4284.0,-8.433591574430466e-05,4444444444.444445
13,2454932.328875,0,4e-05,,Literature,-4201.0,-5.13540580868721e-05,624999999.9999999
14,2454944.299895,0,5e-05,,Literature,-4127.0,-4.4357962906360626e-05,400000000.0
15,2454979.080456,0,4e-05,,Literature,-3912.0,-0.0001292484812438488,624999999.9999999
16,2454979.080536,0,1e-05,,Literature,-3912.0,-4.9248337745666504e-05,9999999999.999998
17,2454985.066016,0,2e-05,,Literature,-3875.0,-7.575005292892456e-05,2499999999.9999995
18,2454985.066036,0,2e-05,,Literature,-3875.0,-5.575036630034447e-05,2499999999.9999995
19,2454994.125157,0,2e-05,,Literature,-3819.0,-7.972586899995804e-05,2499999999.9999995
20,2455000.110657,0,1e-05,,Literature,-3782.0,-8.622836321592331e-05,9999999999.999998
21,2455001.081387,0,2e-05,,Literature,-3776.0,2.109585329890251e-05,2499999999.9999995
22,2455015.155297,0,3e-05,,Literature,-3689.0,-9.770598262548447e-05,1111111111.1111112
23,2455016.125957,0,3e-05,,Literature,-3683.0,-6.038183346390724e-05,1111111111.1111112
24,2455023.082147,0,2e-05,,Literature,-3640.0,4.3958425521850586e-07,2499999999.9999995
25,2455045.082977,0,4e-05,,Literature,-3504.0,4.9783848226070404e-05,624999999.9999999
26,2455317.98961,0,2e-05,,Literature,-1817.0,-5.961814895272255e-05,2499999999.9999995
27,2455336.91673,0,2e-05,,Literature,-1700.0,-8.179992437362671e-05,2499999999.9999995
28,2455338.858,0,2e-05,,Literature,-1688.0,-5.715200677514076e-05,2499999999.9999995
29,2455340.96098,0,2e-05,,Literature,-1675.0,-9.295018389821053e-05,2499999999.9999995
30,2455359.8882,0,2e-05,,Literature,-1558.0,-1.5132129192352295e-05,2499999999.9999995
31,2455360.69704,0,7e-05,,Literature,-1553.0,-2.736225724220276e-05,204081632.65306127
32,2455360.85882,0,7e-05,,Literature,-1552.0,-1.7807818949222565e-05,204081632.65306127
33,2455361.82946,0,2e-05,,Literature,-1546.0,-4.838220775127411e-07,2499999999.9999995
34,2455363.77068,0,2e-05,,Literature,-1534.0,-2.5836285203695297e-05,2499999999.9999995
35,2455363.93247,0,1e-05,,Literature,-1533.0,-6.28223642706871e-06,9999999999.999998
36,2455364.74132,0,1e-05,,Literature,-1528.0,-8.512288331985474e-06,9999999999.999998
37,2455364.90312,0,1e-05,,Literature,-1527.0,2.1041836589574814e-05,9999999999.999998
38,2455365.71191,0,3e-05,,Literature,-1522.0,-4.1188206523656845e-05,1111111111.1111112
39,2455366.8443,0,3e-05,,Literature,-1515.0,-4.430999979376793e-05,1111111111.1111112
40,2455367.65321,0,3e-05,,Literature,-1510.0,1.3459939509630203e-05,1111111111.1111112
41,2455367.81495,0,2e-05,,Literature,-1509.0,-1.6985926777124405e-05,2499999999.9999995
42,2455611.926569,0,1e-05,,Literature,-0.0,-1.000240445137024e-06,9999999999.999998
43,2455631.01546,0,1e-05,,Literature,118.0,-2.262834459543228e-05,9999999999.999998
44,2455632.95671,0,2e-05,,Literature,130.0,-1.7980113625526428e-05,2499999999.9999995
45,2455653.986899,0,9e-06,,Literature,260.0,1.3039913028478622e-05,12345679012.345678
46,2455662.88427,0,1e-05,,Literature,315.0,9.509734809398651e-06,9999999999.999998
47,2455666.92853,0,2e-05,,Literature,340.0,8.360017091035843e-06,2499999999.9999995
48,2455667.89914,0,2e-05,,Literature,346.0,-4.316214472055435e-06,2499999999.9999995
49,2455668.86976,0,1e-05,,Literature,352.0,-6.991904228925705e-06,9999999999.999998
50,2455670.97274,0,1e-05,,Literature,365.0,-4.279008135199547e-05,9999999999.999998
51,2455682.94382,0,9e-06,,Literature,439.0,2.4206005036830902e-05,12345679012.345678
52,2455685.85566,0,9e-06,,Literature,457.0,-3.822147846221924e-06,12345679012.345678
53,2455690.870566,0,9e-06,,Literature,488.0,1.8352176994085312e-05,12345679012.345678
54,2455806.698204,0,1e-05,,Literature,1204.0,1.70157290995121e-05,9999999999.999998
55,2455860.567775,0,1.2e-05,,Literature,1537.0,2.949777990579605e-05,6944444444.444444
56,2455960.703707,0,1e-05,,Literature,2156.0,5.5423472076654434e-05,9999999999.999998
57,2455966.527447,0,1e-05,,Literature,2192.0,5.9368088841438293e-05,9999999999.999998
58,2456018.77927,0,3e-05,,Literature,2515.0,2.8309877961874008e-05,1111111111.1111112
59,2456018.941,0,3e-05,,Literature,2516.0,-1.21360644698143e-05,1111111111.1111112
60,2456021.8529,0,2e-05,,Literature,2534.0,1.983577385544777e-05,2499999999.9999995
61,2456022.82355,0,2e-05,,Literature,2540.0,4.715984687209129e-05,2499999999.9999995
62,2456022.98527,0,1e-05,,Literature,2541.0,-3.286171704530716e-06,9999999999.999998
63,2456023.95593,0,1e-05,,Literature,2547.0,3.403797745704651e-05,9999999999.999998
64,2456044.82432,0,2e-05,,Literature,2676.0,3.6504119634628296e-05,2499999999.9999995
65,2456045.79496,0,1e-05,,Literature,2682.0,5.382811650633812e-05,9999999999.999998
66,2456045.95667,0,2e-05,,Literature,2683.0,-6.61797821521759e-06,2499999999.9999995
67,2456046.76555,0,1e-05,,Literature,2688.0,2.1152198314666748e-05,9999999999.999998
68,2456046.92729,0,2e-05,,Literature,2689.0,-9.294133633375168e-06,2499999999.9999995
69,2456051.78041,0,1e-05,,Literature,2719.0,-2.673827111721039e-06,9999999999.999998
70,2456051.94216,0,3e-05,,Literature,2720.0,-2.3120082914829254e-05,1111111111.1111112
71,2456052.75104,0,1e-05,,Literature,2725.0,4.650093615055084e-06,9999999999.999998
72,2456052.91282,0,1e-05,,Literature,2726.0,1.420406624674797e-05,9999999999.999998
73,2456053.88345,0,1e-05,,Literature,2732.0,2.1527986973524094e-05,9999999999.999998
74,2456055.339417,0,1e-05,,Literature,2741.0,5.451356992125511e-05,9999999999.999998
75,2456184.270457,0,1e-05,,Literature,3538.0,4.905182868242264e-05,9999999999.999998
76,2456352.99701,0,2e-05,,Literature,4581.0,2.687377855181694e-05,2499999999.9999995
77,2456366.424034,0,1e-05,,Literature,4664.0,0.00010385597124695778,9999999999.999998
78,2456394.410294,0,1e-05,,Literature,4837.0,7.669813930988312e-05,9999999999.999998
79,2456402.98408,0,1e-05,,Literature,4890.0,2.905959263443947e-05,9999999999.999998
80,2456408.80783,0,2e-05,,Literature,4926.0,4.300381988286972e-05,2499999999.9999995
81,2456408.96961,0,3e-05,,Literature,4927.0,5.255779251456261e-05,1111111111.1111112
82,2456459.92729,0,1e-05,,Literature,5242.0,4.2067840695381165e-05,9999999999.999998
83,2456460.89791,0,3e-05,,Literature,5248.0,3.939168527722359e-05,1111111111.1111112
84,2456461.383233,0,1e-05,,Literature,5251.0,5.105370655655861e-05,9999999999.999998
85,2456465.9128,0,5e-05,,Literature,5279.0,4.55658882856369e-05,400000000.0
86,2456466.88343,0,2e-05,,Literature,5285.0,5.2889809012413025e-05,2499999999.9999995
87,2456482.413413,0,1e-05,,Literature,5381.0,7.307389751076698e-05,9999999999.999998
88,2456706.627268,0,1e-05,,Literature,6767.0,8.991779759526253e-05,9999999999.999998
89,2456714.554008,0,1e-05,,Literature,6816.0,7.806392386555672e-05,9999999999.999998
90,2456738.495997,0,1e-05,,Literature,6964.0,4.105595871806145e-05,9999999999.999998
91,2456747.393407,0,1e-05,,Literature,7019.0,7.652631029486656e-05,9999999999.999998
92,2456762.92331,0,2e-05,,Literature,7115.0,1.6709789633750916e-05,2499999999.9999995
93,2456763.89394,0,1e-05,,Literature,7121.0,2.403371036052704e-05,9999999999.999998
94,2456778.93859,0,1e-05,,Literature,7214.0,2.2555701434612274e-05,9999999999.999998
95,2456779.90924,0,1e-05,,Literature,7220.0,4.98797744512558e-05,9999999999.999998
96,2456780.87986,0,1e-05,,Literature,7226.0,4.720408469438553e-05,9999999999.999998
97,2456781.85042,0,1e-05,,Literature,7232.0,-1.5472061932086945e-05,9999999999.999998
98,2456809.351486,0,1e-05,,Literature,7402.0,7.470790296792984e-05,9999999999.999998
99,2456858.367895,0,1e-05,,Literature,7705.0,3.856979310512543e-05,9999999999.999998
100,2456945.238653,0,1e-05,,Literature,8242.0,6.706779822707176e-05,9999999999.999998
101,2457059.61036,0,1e-05,,Literature,8949.0,6.874557584524155e-05,9999999999.999998
102,2457185.467748,0,1e-05,,Literature,9727.0,4.975777119398117e-05,9999999999.999998
103,2457503.346624,0,1e-05,,Literature,11692.0,-6.319023668766022e-07,9999999999.999998
104,2457764.605901,0,1e-05,,Literature,13307.0,6.077811121940613e-06,9999999999.999998
105,2457853.417861,0,1e-05,,Literature,13856.0,-8.775852620601654e-06,9999999999.999998
106,2457892.404551,0,1e-05,,Literature,14097.0,3.737863153219223e-06,9999999999.999998
107,2457918.449511,0,1e-05,,Literature,14258.0,-7.806811481714249e-05,9999999999.999998
108,2457926.376312,0,1e-05,,Literature,14307.0,-2.8921756893396378e-05,9999999999.999998
109,2457957.436203,0,1e-05,,Literature,14499.0,-6.355391815304756e-05,9999999999.999998
110,2457966.333591,0,1e-05,,Literature,14554.0,-5.008373409509659e-05,9999999999.999998
111,2457988.334321,0,1e-05,,Literature,14690.0,-0.00010073976591229439,9999999999.999998
112,2457994.319881,0,1e-05,,Literature,14727.0,-4.724226891994476e-05,9999999999.999998
113,2458178.576424,0,1e-05,,Literature,15866.0,-4.2236410081386566e-05,9999999999.999998
114,2458258.491005,0,1e-05,,Literature,16360.0,-6.155995652079582e-05,9999999999.999998
115,2458330.478886,0,1e-05,,Literature,16805.0,-2.903025597333908e-05,9999999999.999998
116,2458604.356211,0,1e-05,,Literature,18498.0,-6.910786032676697e-05,9999999999.999998
117,2458727.301773,0,1e-05,,Literature,19258.0,-4.6067871153354645e-05,9999999999.999998
118,2458942.618229,0,1e-05,,Literature,20589.0,-5.369400605559349e-05,9999999999.999998
119,2458946.338959,0,1e-05,,Literature,20612.0,-4.395190626382828e-05,9999999999.999998
120,2458946.500699,0,1e-05,,Literature,20613.0,-7.43982382118702e-05,9999999999.999998
121,2458955.39806702,0,4.25743e-05,,AAVSO,20668.0,-8.090818300843239e-05,551702520.1747215
122,2458955.8833941,0,1.8049029087e-05,,TESS Sector 24,20671.0,-6.516650319099426e-05,3069674385.76619
123,2458956.04517038,0,2.3287541967e-05,,TESS Sector 24,20672.0,-5.93322329223156e-05,1843965107.6907234
124,2458956.20696056,0,1.5673751439e-05,,TESS Sector 24,20673.0,-3.959843888878822e-05,4070559333.204268
125,2458956.36871151,0,1.4205580945e-05,,TESS Sector 24,20674.0,-5.9093814343214035e-05,4955437485.469263
126,2458956.53048283,0,1.9373846107e-05,,TESS Sector 24,20675.0,-5.8220233768224716e-05,2664209107.984509
127,2458959.44235692,0,1.7646545712e-05,,TESS Sector 24,20693.0,-5.2158255130052567e-05,3211297853.8442035
128,2458959.60411202,0,1.7569660042e-05,,TESS Sector 24,20694.0,-6.750412285327911e-05,3239464934.5565977
129,2458959.76589854,0,1.572265851e-05,,TESS Sector 24,20695.0,-5.142996087670326e-05,4045274868.0685534
130,2458959.92767522,0,1.7111808093e-05,,TESS Sector 24,20696.0,-4.519615322351456e-05,3415137531.8135467
131,2458960.08943672,0,2.0377983119e-05,,TESS Sector 24,20697.0,-5.4141972213983536e-05,2408117111.6385865
132,2458960.25121116,0,2.0715147448e-05,,TESS Sector 24,20698.0,-5.0148461014032364e-05,2330364963.7323394
133,2458960.41298306,0,1.4178981919e-05,,TESS Sector 24,20699.0,-4.8694200813770294e-05,4974047205.887104
134,2458960.5747487,0,1.0421908222e-05,,TESS Sector 24,20700.0,-5.350029096007347e-05,9206732210.366753
135,2458960.73653446,0,1.1863363599e-05,,TESS Sector 24,20701.0,-3.818608820438385e-05,7105331053.416437
136,2458960.89830412,0,1.3983658633e-05,,TESS Sector 24,20702.0,-3.8972124457359314e-05,5113972320.008561
137,2458961.06005218,0,1.3674875653e-05,,TESS Sector 24,20703.0,-6.135785952210426e-05,5347529980.881371
138,2458961.22183117,0,1.6029181088e-05,,TESS Sector 24,20704.0,-5.281437188386917e-05,3892040307.5200806
139,2458961.38359717,0,1.2346097481e-05,,TESS Sector 24,20705.0,-5.726004019379616e-05,6560555239.813246
140,2458961.54536466,0,1.3425841009e-05,,TESS Sector 24,20706.0,-6.021605804562569e-05,5547751508.883817
141,2458961.70712828,0,1.6977099075e-05,,TESS Sector 24,20707.0,-6.704218685626984e-05,3469549067.1549764
142,2458961.86891875,0,1.5816596082e-05,,TESS Sector 24,20708.0,-4.701828584074974e-05,3997366349.233346
143,2458962.03069822,0,1.311090728e-05,,TESS Sector 24,20709.0,-3.799423575401306e-05,5817474761.71518
144,2458962.19245459,0,1.2358435552e-05,,TESS Sector 24,20710.0,-5.2070245146751404e-05,6547462289.592978
145,2458962.35421453,0,1.1284017346e-05,,TESS Sector 24,20711.0,-6.257602944970131e-05,7853667485.231304
146,2458962.51598842,0,1.1169028478e-05,,TESS Sector 24,20712.0,-5.913199856877327e-05,8016212170.752756
147,2458962.67775063,0,1.294761555e-05,,TESS Sector 24,20713.0,-6.736814975738525e-05,5965136814.060275
148,2458962.8395093,0,1.151767685e-05,,TESS Sector 24,20714.0,-7.914425805211067e-05,7538244528.6026745
149,2458963.00131406,0,1.1570799762e-05,,TESS Sector 24,20715.0,-4.4830143451690674e-05,7469185475.776192
150,2458963.16307622,0,1.3468242276e-05,,TESS Sector 24,20716.0,-5.3116120398044586e-05,5512875182.013087
151,2458963.3248434,0,1.3437764587e-05,,TESS Sector 24,20717.0,-5.638180300593376e-05,5537910630.994701
152,2458963.4866359,0,1.2711562489e-05,,TESS Sector 24,20718.0,-3.432808443903923e-05,6188738416.738794
153,2458963.64840217,0,1.1858470346e-05,,TESS Sector 24,20719.0,-3.8504134863615036e-05,7111196119.451342
154,2458963.81014697,0,1.3757813905e-05,,TESS Sector 24,20720.0,-6.414996460080147e-05,5283249719.571746
155,2458963.97191345,0,1.4330515572e-05,,TESS Sector 24,20721.0,-6.811600178480148e-05,4869410290.826558
156,2458964.13367736,0,1.3359838952e-05,,TESS Sector 24,20722.0,-7.465202361345291e-05,5602702395.086185
157,2458964.29543832,0,1.3600488558e-05,,TESS Sector 24,20723.0,-8.413800969719887e-05,5406185970.515662
158,2458964.45721508,0,1.5133852506e-05,,TESS Sector 24,20724.0,-7.782410830259323e-05,4366173666.103629
159,2458964.61899908,0,1.2974751097e-05,,TESS Sector 24,20725.0,-6.427010521292686e-05,5940211791.046705
160,2458964.78077153,0,1.3062946412e-05,,TESS Sector 24,20726.0,-6.226636469364166e-05,5860271130.589689
161,2458964.94255135,0,1.1231143006e-05,,TESS Sector 24,20727.0,-5.2892137318849564e-05,7927789053.441988
162,2458965.1043201,0,1.2472999737e-05,,TESS Sector 24,20728.0,-5.458807572722435e-05,6427738109.272115
163,2458965.26606943,0,1.5511231672e-05,,TESS Sector 24,20729.0,-7.57044181227684e-05,4156305205.907428
164,2458965.42785745,0,1.4682675734e-05,,TESS Sector 24,20730.0,-5.8129895478487015e-05,4638628424.679833
165,2458965.58961882,0,1.255234187e-05,,TESS Sector 24,20731.0,-6.720609962940216e-05,6346736706.158708
166,2458965.7513643,0,1.5737312272e-05,,TESS Sector 24,20732.0,-9.217206388711929e-05,4037744878.753959
167,2458965.91315623,0,1.6735266441e-05,,TESS Sector 24,20733.0,-7.068831473588943e-05,3570546865.032827
168,2458966.07493963,0,1.2959510039e-05,,TESS Sector 24,20734.0,-5.7734083384275436e-05,5954192003.133132
169,2458966.23670491,0,1.4574335442e-05,,TESS Sector 24,20735.0,-6.29001297056675e-05,4707848492.794185
170,2458966.39849175,0,1.4360950669e-05,,TESS Sector 24,20736.0,-4.650605842471123e-05,4848792723.490951
171,2458966.56026189,0,1.2829907292e-05,,TESS Sector 24,20737.0,-4.681246355175972e-05,6075093460.379989
172,2458966.72202866,0,1.1651206041e-05,,TESS Sector 24,20738.0,-5.0487928092479706e-05,7366449825.793492
173,2458966.88380404,0,1.3524937618e-05,,TESS Sector 24,20739.0,-4.555424675345421e-05,5466753084.806085
174,2458967.04555519,0,1.3179312799e-05,,TESS Sector 24,20740.0,-6.4849853515625e-05,5757241783.07868
175,2458967.2073307,0,1.1482875764e-05,,TESS Sector 24,20741.0,-5.978625267744064e-05,7584005997.476674
176,2458967.36910655,0,1.3843023407e-05,,TESS Sector 24,20742.0,-5.438225343823433e-05,5218408747.572873
177,2458967.53086051,0,1.5645253697e-05,,TESS Sector 24,20743.0,-7.086805999279022e-05,4085401840.739232
178,2458967.69263899,0,1.2389986303e-05,,TESS Sector 24,20744.0,-6.28340058028698e-05,6514158890.278096
179,2458967.85443685,0,1.1064817787e-05,,TESS Sector 24,20745.0,-3.542006015777588e-05,8167919842.951504
180,2458968.01618591,0,1.6516719487e-05,,TESS Sector 24,20746.0,-5.680602043867111e-05,3665661971.3607354
181,2458968.17795071,0,1.3728930139e-05,,TESS Sector 24,20747.0,-6.245216354727745e-05,5305503554.6270895
182,2458968.33972,0,1e-05,,Literature,20748.0,-6.360793486237526e-05,9999999999.999998
183,2458968.33974424,0,1.4744656753e-05,,TESS Sector 24,20748.0,-3.936793655157089e-05,4599712275.516182
184,2458969.31036337,0,1.2031153662e-05,,TESS Sector 24,20754.0,-4.291394725441933e-05,6908526896.114872
185,2458969.47213481,0,1.0174805059e-05,,TESS Sector 24,20755.0,-4.192022606730461e-05,9659347837.825638
186,2458969.63390483,0,1.0603145351e-05,,TESS Sector 24,20756.0,-4.2345840483903885e-05,8894684955.419748
187,2458969.79566139,0,1.7089081009e-05,,TESS Sector 24,20757.0,-5.623232573270798e-05,3424227280.884227
188,2458969.95745785,0,2.6045552041e-05,,TESS Sector 24,20758.0,-3.0217692255973816e-05,1474120094.5423064
189,2458970.11921572,0,1.4321835569e-05,,TESS Sector 24,20759.0,-4.279427230358124e-05,4875314464.758657
190,2458970.28097075,0,2.297243203e-05,,TESS Sector 24,20760.0,-5.8209989219903946e-05,1894898925.6331615
191,2458973.51639657,0,1.7459402216e-05,,TESS Sector 24,20780.0,-4.131020978093147e-05,3280509199.235764
192,2458973.67816421,0,1.2349508655e-05,,TESS Sector 24,20781.0,-4.41158190369606e-05,6556931434.963899
193,2458973.83992334,0,1.1963847381e-05,,TESS Sector 24,20782.0,-5.543231964111328e-05,6986477609.073404
194,2458974.00168651,0,1.4489797397e-05,,TESS Sector 24,20783.0,-6.27078115940094e-05,4762942888.262018
195,2458974.16345959,0,1.5303744689e-05,,TESS Sector 24,20784.0,-6.0074031352996826e-05,4269770933.4885674
196,2458974.32523499,0,1.5047588142e-05,,TESS Sector 24,20785.0,-5.511986091732979e-05,4416377698.938355
197,2458974.48699236,0,1.5120937109e-05,,TESS Sector 24,20786.0,-6.819609552621841e-05,4373635498.489922
198,2458974.64876,0,1.2911127501e-05,,TESS Sector 24,20787.0,-7.100217044353485e-05,5998900521.017773
199,2458974.81053825,0,1.2404092261e-05,,TESS Sector 24,20788.0,-6.319815292954445e-05,6499351486.089926
200,2458974.97231083,0,1.3906125096e-05,,TESS Sector 24,20789.0,-6.106402724981308e-05,5171157152.372144
201,2458975.13407394,0,1.5525203049e-05,,TESS Sector 24,20790.0,-6.84000551700592e-05,4148827921.6452603
202,2458975.29584336,0,1.5195160268e-05,,TESS Sector 24,20791.0,-6.942590698599815e-05,4331012426.910891
203,2458975.45761828,0,1.2400153403e-05,,TESS Sector 24,20792.0,-6.49522989988327e-05,6503481126.689503
204,2458975.61940487,0,1.5705916465e-05,,TESS Sector 24,20793.0,-4.880782216787338e-05,4053903752.741952
205,2458975.78117329,0,1.2241331237e-05,,TESS Sector 24,20794.0,-5.0833914428949356e-05,6673331525.1093645
206,2458975.94292736,0,1.2443388199e-05,,TESS Sector 24,20795.0,-6.721029058098793e-05,6458366693.486425
207,2458976.10470839,0,1.1485642921e-05,,TESS Sector 24,20796.0,-5.6626275181770325e-05,7580352112.812902
208,2458976.26649281,0,1.1279165239e-05,,TESS Sector 24,20797.0,-4.265224561095238e-05,7860425969.681626
209,2458976.42824574,0,1.4788673475e-05,,TESS Sector 24,20798.0,-6.016809493303299e-05,4572372034.148017
210,2458976.59000979,0,1.550957329e-05,,TESS Sector 24,20799.0,-6.65644183754921e-05,4157194090.4845777
211,2458976.75179301,0,1.2915579442e-05,,TESS Sector 24,20800.0,-5.3789932280778885e-05,5994765646.782044
212,2458976.91356413,0,1.0697048274e-05,,TESS Sector 24,20801.0,-5.3116120398044586e-05,8739208252.85976
213,2458977.0753189,0,1.4258762243e-05,,TESS Sector 24,20802.0,-6.879214197397232e-05,4918541556.734171
214,2458977.23711375,0,1.2711273011e-05,,TESS Sector 24,20803.0,-4.438823089003563e-05,6189020296.298316
215,2458977.39888687,0,1.2524000948e-05,,TESS Sector 24,20804.0,-4.171393811702728e-05,6375493632.938171
216,2458977.56065108,0,1.219973761e-05,,TESS Sector 24,20805.0,-4.795007407665253e-05,6718913035.083579
217,2458977.72241599,0,1.2646692095e-05,,TESS Sector 24,20806.0,-5.348585546016693e-05,6252390720.944998
218,2458977.88419312,0,1.0791033796e-05,,TESS Sector 24,20807.0,-4.680221900343895e-05,8587641273.6263275
219,2458978.04596278,0,1.0415645305e-05,,TESS Sector 24,20808.0,-4.7588255256414413e-05,9217807536.712109
220,2458978.20774356,0,1.080479466e-05,,TESS Sector 24,20809.0,-3.7254299968481064e-05,8565780957.861851
221,2458978.36950607,0,9.384191072e-06,,TESS Sector 24,20810.0,-4.5190099626779556e-05,11355501427.479666
222,2458978.53125652,0,1.314853235e-05,,TESS Sector 24,20811.0,-6.518606096506119e-05,5784228507.596647
223,2458978.69303498,0,1.2337819412e-05,,TESS Sector 24,20812.0,-5.7172030210494995e-05,6569361811.927836
224,2458978.85480935,0,1.2302930022e-05,,TESS Sector 24,20813.0,-5.3248368203639984e-05,6606674227.252474
225,2458979.01657607,0,1.4491736802e-05,,TESS Sector 24,20814.0,-5.6974124163389206e-05,4761668140.138473
226,2458979.17834025,0,1.3791170385e-05,,TESS Sector 24,20815.0,-6.324006244540215e-05,5257723606.032497
227,2458979.34011055,0,1.3315825785e-05,,TESS Sector 24,20816.0,-6.338581442832947e-05,5639801139.835233
228,2458979.50187764,0,1.1600476462e-05,,TESS Sector 24,20817.0,-6.674230098724365e-05,7431018552.618385
229,2458979.66365544,0,1.1636687304e-05,,TESS Sector 24,20818.0,-5.9388112276792526e-05,7384843078.946662
230,2458979.82543194,0,1.2650497286e-05,,TESS Sector 24,20819.0,-5.333404988050461e-05,6248629926.062681
231,2458979.98719483,0,1.126258603e-05,,TESS Sector 24,20820.0,-6.0889869928359985e-05,7883585049.459489
232,2458980.1489822,0,1.2287084663e-05,,TESS Sector 24,20821.0,-4.396634176373482e-05,6623725078.36809
233,2458980.31076375,0,1.1237844138e-05,,TESS Sector 24,20822.0,-3.286171704530716e-05,7918337183.317563
234,2458980.4725223,0,1.2427737133e-05,,TESS Sector 24,20823.0,-4.4757965952157974e-05,6474643827.583509
235,2458980.63427484,0,1.2109968984e-05,,TESS Sector 24,20824.0,-6.266403943300247e-05,6818893983.774383
236,2458980.79606801,0,1.2260500367e-05,,TESS Sector 24,20825.0,-3.9940234273672104e-05,6652480507.032336
237,2458980.95784358,0,1.0873872123e-05,,TESS Sector 24,20826.0,-3.481609746813774e-05,8457296513.071208
238,2458981.11959157,0,8.784797234e-06,,TESS Sector 24,20827.0,-5.727214738726616e-05,12957956462.175444
239,2458981.28136444,0,1.0456514436e-05,,TESS Sector 24,20828.0,-5.484791472554207e-05,9145893023.247454
240,2458981.4431417,0,1.3160077886e-05,,TESS Sector 24,20829.0,-4.803435876965523e-05,5774083776.751449
241,2458981.60489332,0,1.027446206e-05,,TESS Sector 24,20830.0,-6.686057895421982e-05,9472875171.132486
242,2458981.76666717,0,1.0357719538e-05,,TESS Sector 24,20831.0,-6.345612928271294e-05,9321197405.30905
243,2458981.92843798,0,9.907701286e-06,,TESS Sector 24,20832.0,-6.309244781732559e-05,10187184962.619951
244,2458982.09021431,0,1.2399778913e-05,,TESS Sector 24,20833.0,-5.720788612961769e-05,6503873960.374965
245,2458982.25197751,0,1.4312635977e-05,,TESS Sector 24,20834.0,-6.445450708270073e-05,4881583794.63002
246,2459041.45998095,0,3.40303e-05,,AAVSO,21200.0,-4.424992948770523e-05,863512133.9250915
247,2459074.461113,0,1e-05,,Literature,21404.0,-8.318433538079262e-05,9999999999.999998
248,2459089.344004,0,1e-05,,Literature,21496.0,-7.321592420339584e-05,9999999999.999998
249,2459098.4031726,0,4.23525e-05,,AAVSO,21552.0,-4.9591995775699615e-05,557496182.3445413
250,2459108.271134,0,1e-05,,Literature,21613.0,-8.539808914065361e-05,9999999999.999998
251,2459304.4986926,0,3.44387e-05,,AAVSO,22826.0,-7.779616862535477e-05,843153217.2692044
252,2459350.441506,0,1.3e-05,,MUO,23110.0,-7.106037810444832e-05,5917159763.31361
253,2459375.030613,0,1e-05,,Literature,23262.0,-7.185200229287148e-05,9999999999.999998
254,2459375.192413,0,1e-05,,Literature,23263.0,-4.2298343032598495e-05,9999999999.999998
255,2459623.510067,0,2.0653229215e-05,,MUO,24798.0,-2.2908207029104233e-05,2344358743.8435802
256,2459623.671837,0,2.065322918e-05,,MUO,24799.0,-2.335384488105774e-05,2344358751.789317
257,2459664.43794239,0,2.04483e-05,,AAVSO,25051.0,-7.035629823803902e-05,2391583694.2691298
258,2459665.40860503,0,1.5294877169e-05,,TESS Sector 50,25057.0,-3.0392315238714218e-05,4274723343.952235
259,2459665.57037548,0,1.5294877169e-05,,TESS Sector 50,25058.0,-3.038812428712845e-05,4274723343.952235
260,2459665.73214593,0,1.5294876957e-05,,TESS Sector 50,25059.0,-3.038393333554268e-05,4274723462.4548373
261,2459669.61462708,0,1.9506591144e-05,,TESS Sector 50,25083.0,-3.9937905967235565e-05,2628071868.0429783
262,2459669.77638945,0,1.4502472535e-05,,TESS Sector 50,25084.0,-4.8014335334300995e-05,4754620917.48245
263,2459669.93816493,0,1.5036095287e-05,,TESS Sector 50,25085.0,-4.2980071157217026e-05,4423131604.862983
264,2459670.09995739,0,1.7595361406e-05,,TESS Sector 50,25086.0,-2.0965933799743652e-05,3230008139.8949137
265,2459670.26171202,0,1.5706443012e-05,,TESS Sector 50,25087.0,-3.6782119423151016e-05,4053631948.988841
266,2459670.42347379,0,1.3489828398e-05,,TESS Sector 50,25088.0,-4.5458320528268814e-05,5495246138.723019
267,2459670.58525178,0,1.3261020558e-05,,TESS Sector 50,25089.0,-3.791367635130882e-05,5686513877.527426
268,2459670.74701686,0,1.3448797898e-05,,TESS Sector 50,25090.0,-4.327995702624321e-05,5528827822.686932
269,2459670.90877065,0,1.2909032905e-05,,TESS Sector 50,25091.0,-5.9936195611953735e-05,6000847420.144497
270,2459671.07054698,0,1.2016407211e-05,,TESS Sector 50,25092.0,-5.405209958553314e-05,6925493492.282768
271,2459671.232317,0,1.1317350462e-05,,TESS Sector 50,25093.0,-5.4478179663419724e-05,7807472629.319745
272,2459671.3940879,0,1.2192544559e-05,,TESS Sector 50,25094.0,-5.402415990829468e-05,6726843084.467311
273,2459671.55586731,0,1.652687837e-05,,TESS Sector 50,25095.0,-4.50601801276207e-05,3661156875.4741397
274,2459671.71763717,0,1.314475581e-05,,TESS Sector 50,25096.0,-4.564598202705383e-05,5787552648.209161
275,2459671.87940334,0,1.1507541391e-05,,TESS Sector 50,25097.0,-4.99221496284008e-05,7551529245.57444
276,2459672.04118326,0,1.2961414641e-05,,TESS Sector 50,25098.0,-4.044827073812485e-05,5952442266.223649
277,2459672.2029492,0,1.5148189334e-05,,TESS Sector 50,25099.0,-4.495447501540184e-05,4357912948.291203
278,2459672.52648262,0,1.4549548769e-05,,TESS Sector 50,25101.0,-5.2426476031541824e-05,4723902777.554156
279,2459672.68827697,0,1.5866933228e-05,,TESS Sector 50,25102.0,-2.8522219508886337e-05,3972043643.6814933
280,2459672.85004952,0,1.6469454597e-05,,TESS Sector 50,25103.0,-2.641836181282997e-05,3686731973.3969674
281,2459673.01180862,0,1.4555698116e-05,,TESS Sector 50,25104.0,-3.776419907808304e-05,4719912205.47816
282,2459673.17358683,0,1.2780703374e-05,,TESS Sector 50,25105.0,-3.00002284348011e-05,6121960019.8628845
283,2459673.33535914,0,1.390396079e-05,,TESS Sector 50,25106.0,-2.813618630170822e-05,5172767173.81824
284,2459673.49712479,0,1.336442849e-05,,TESS Sector 50,25107.0,-3.293203189969063e-05,5598854957.791559
285,2459673.65888493,0,1.1128959563e-05,,TESS Sector 50,25108.0,-4.323804751038551e-05,8074039526.70454
286,2459673.82065557,0,1.0200128499e-05,,TESS Sector 50,25109.0,-4.3044332414865494e-05,9611445642.000801
287,2459673.98241764,0,1.0689279342e-05,,TESS Sector 50,25110.0,-5.14201819896698e-05,8751916123.083029
288,2459674.14418024,0,1.1345362106e-05,,TESS Sector 50,25111.0,-5.92661090195179e-05,7768966999.090516
289,2459674.30595148,0,1.2246559325e-05,,TESS Sector 50,25112.0,-5.84721565246582e-05,6667635016.157152
290,2459674.46773725,0,1.2743214916e-05,,TESS Sector 50,25113.0,-4.314817488193512e-05,6158032615.757067
291,2459674.62950454,0,1.1788595774e-05,,TESS Sector 50,25114.0,-4.630396142601967e-05,7195746376.113635
292,2459674.79125264,0,1.0215801735e-05,,TESS Sector 50,25115.0,-6.865011528134346e-05,9581976217.907196
293,2459674.95302911,0,1.2520381196e-05,,TESS Sector 50,25116.0,-6.262585520744324e-05,6379180588.063748
294,2459675.11480533,0,1.1691538571e-05,,TESS Sector 50,25117.0,-5.685212090611458e-05,7315713117.719694
295,2459675.27655798,0,1.1336166918e-05,,TESS Sector 50,25118.0,-7.464783266186714e-05,7781575508.702812
296,2459675.43833418,0,1.3208583224e-05,,TESS Sector 50,25119.0,-6.889412179589272e-05,5731753781.387915
297,2459675.60011274,0,1.1258859007e-05,,TESS Sector 50,25120.0,-6.077997386455536e-05,7888805323.734024
298,2459675.76188203,0,1.0363503945e-05,,TESS Sector 50,25121.0,-6.193621084094048e-05,9310795025.437008
299,2459675.92366519,0,1.0942654118e-05,,TESS Sector 50,25122.0,-4.922179505228996e-05,8351310981.5270405
300,2459676.08543221,0,1.0665037711e-05,,TESS Sector 50,25123.0,-5.264813080430031e-05,8791747551.272377
301,2459676.24719936,0,1.1505935972e-05,,TESS Sector 50,25124.0,-5.594408139586449e-05,7553636716.769129
302,2459676.40897953,0,1.3192349268e-05,,TESS Sector 50,25125.0,-4.6220142394304276e-05,5745868976.177835
303,2459676.57075207,0,1.1169511878e-05,,TESS Sector 50,25126.0,-4.412652924656868e-05,8015518326.088332
304,2459676.73252142,0,1.2816215437e-05,,TESS Sector 50,25127.0,-4.522223025560379e-05,6088080715.525665
305,2459676.89429031,0,1.3158983236e-05,,TESS Sector 50,25128.0,-4.6778470277786255e-05,5775044468.559812
306,2459677.05605948,0,1.0992732806e-05,,TESS Sector 50,25129.0,-4.805391654372215e-05,8275393541.698202
307,2459677.21783715,0,1.2447535163e-05,,TESS Sector 50,25130.0,-4.0830112993717194e-05,6454064130.378263
308,2459677.37960842,0,1.2193720398e-05,,TESS Sector 50,25131.0,-4.0005892515182495e-05,6725545809.669713
309,2459677.5413702,0,1.1576677152e-05,,TESS Sector 50,25132.0,-4.867231473326683e-05,7461603304.869186
310,2459677.70313503,0,1.2486562402e-05,,TESS Sector 50,25133.0,-5.4288189858198166e-05,6413782320.521924
311,2459677.86490968,0,1.3850331943e-05,,TESS Sector 50,25134.0,-5.0084199756383896e-05,5212902906.155308
312,2459678.02668681,0,1.3933826776e-05,,TESS Sector 50,25135.0,-4.3400097638368607e-05,5150616155.790476
313,2459678.18845268,0,1.5565173376e-05,,TESS Sector 50,25136.0,-4.797615110874176e-05,4127547453.4495516
314,2459678.35022746,0,1.7841041971e-05,,TESS Sector 50,25137.0,-4.364224150776863e-05,3141662804.088049
315,2459683.52687615,0,2.1444634852e-05,,TESS Sector 50,25169.0,-4.92241233587265e-05,2174516405.904336
316,2459683.68864817,0,2.2735969903e-05,,TESS Sector 50,25170.0,-4.765018820762634e-05,1934519129.6596127
317,2459683.85041517,0,1.8965875576e-05,,TESS Sector 50,25171.0,-5.109608173370361e-05,2780060235.307153
318,2459684.01218787,0,1.5701144679e-05,,TESS Sector 50,25172.0,-4.884181544184685e-05,4056368197.35056
319,2459684.1739486,0,1.7690005765e-05,,TESS Sector 50,25173.0,-5.8558303862810135e-05,3195538476.4482317
320,2459684.33572718,0,1.8138836625e-05,,TESS Sector 50,25174.0,-5.0424132496118546e-05,3039352988.342034
321,2459684.4975023,0,1.4430429129e-05,,TESS Sector 50,25175.0,-4.5750290155410767e-05,4802213977.839263
322,2459684.65927579,0,1.7168358745e-05,,TESS Sector 50,25176.0,-4.270579665899277e-05,3392676423.5000796
323,2459684.82105016,0,1.7706968498e-05,,TESS Sector 50,25177.0,-3.8782134652137756e-05,3189418953.2133436
324,2459684.98281987,0,1.6769325112e-05,,TESS Sector 50,25178.0,-3.9517879486083984e-05,3556057959.066
325,2459685.14458353,0,1.6838914549e-05,,TESS Sector 50,25179.0,-4.6304427087306976e-05,3526726765.6943836
326,2459685.30636604,0,1.3762974223e-05,,TESS Sector 50,25180.0,-3.424007445573807e-05,5279288637.161019
327,2459685.46812555,0,1.3668767136e-05,,TESS Sector 50,25181.0,-4.5176129788160324e-05,5352310628.105278
328,2459685.62988988,0,1.3496658189e-05,,TESS Sector 50,25182.0,-5.129212513566017e-05,5489685964.347156
329,2459685.79167266,0,1.3457599464e-05,,TESS Sector 50,25183.0,-3.895815461874008e-05,5521598237.649433
330,2459685.95342501,0,1.0750878325e-05,,TESS Sector 50,25184.0,-5.705375224351883e-05,8651912261.524654
331,2459686.11520179,0,1.0405347768e-05,,TESS Sector 50,25185.0,-5.072029307484627e-05,9236061166.461262
332,2459686.27697707,0,1.3253680107e-05,,TESS Sector 50,25186.0,-4.588579759001732e-05,5692814487.662989
333,2459686.43872727,0,1.2407802118e-05,,TESS Sector 50,25187.0,-6.613228470087051e-05,6495465534.370727
334,2459686.60049794,0,1.3304434326e-05,,TESS Sector 50,25188.0,-6.590783596038818e-05,5649463041.407585
335,2459686.76227492,0,1.3792766921e-05,,TESS Sector 50,25189.0,-5.9374142438173294e-05,5256506495.753619
336,2459686.92404235,0,1.179542566e-05,,TESS Sector 50,25190.0,-6.238976493477821e-05,7187415706.18291
337,2459687.0858208,0,1.2697933102e-05,,TESS Sector 50,25191.0,-5.438597872853279e-05,6202030970.462455
338,2459687.24759097,0,1.4668167999e-05,,TESS Sector 50,25192.0,-5.466211587190628e-05,4647808749.301767
339,2459687.40937518,0,1.584614879e-05,,TESS Sector 50,25193.0,-4.0898099541664124e-05,3982470257.5243664
340,2459687.57113804,0,1.6441802384e-05,,TESS Sector 50,25194.0,-4.8484187573194504e-05,3699143267.8851824
341,2459687.73290407,0,1.6208216419e-05,,TESS Sector 50,25195.0,-5.2900053560733795e-05,3806532534.9657674
342,2459687.89468198,0,1.6725352877e-05,,TESS Sector 50,25196.0,-4.543643444776535e-05,3574780836.710463
343,2459688.05645299,0,1.3338796739e-05,,TESS Sector 50,25197.0,-4.487205296754837e-05,5620393083.225797
344,2459688.21820629,0,1.2070348423e-05,,TESS Sector 50,25198.0,-6.201816722750664e-05,6863733089.56401
345,2459688.37998407,0,1.1664874176e-05,,TESS Sector 50,25199.0,-5.4684001952409744e-05,7349196893.484056
346,2459688.54175264,0,8.694610742e-06,,TESS Sector 50,25200.0,-5.6560151278972626e-05,13228168344.693773
347,2459688.7035213,0,1.1667658846e-05,,TESS Sector 50,25201.0,-5.8345962315797806e-05,7345689309.618924
348,2459688.86529686,0,1.3009879352e-05,,TESS Sector 50,25202.0,-5.323207005858421e-05,5908176511.900145
349,2459689.02706354,0,1.0016471355e-05,,TESS Sector 50,25203.0,-5.69978728890419e-05,9967138503.277178
350,2459689.18883303,0,1.1656489015e-05,,TESS Sector 50,25204.0,-5.7954341173172e-05,7359774068.815418
351,2459689.35061496,0,1.117698044e-05,,TESS Sector 50,25205.0,-4.647020250558853e-05,8004809817.662539
352,2459689.5123832,0,1.2307443096e-05,,TESS Sector 50,25206.0,-4.867604002356529e-05,6601829850.936542
353,2459689.67414666,0,1.2228904685e-05,,TESS Sector 50,25207.0,-5.5661890655756e-05,6686900791.816331
354,2459689.83592347,0,1.2491165455e-05,,TESS Sector 50,25208.0,-4.929816350340843e-05,6409056173.809683
355,2459689.99768725,0,1.1797432872e-05,,TESS Sector 50,25209.0,-5.596410483121872e-05,7184970184.358567
356,2459690.15945268,0,1.3483671059e-05,,TESS Sector 50,25210.0,-6.098020821809769e-05,5500266109.748468
357,2459690.32123177,0,1.2999084369e-05,,TESS Sector 50,25211.0,-5.233613774180412e-05,5917993379.83182
358,2459690.4830035,0,1.0381617333e-05,,TESS Sector 50,25212.0,-5.1052309572696686e-05,9278333240.167643
359,2459690.64477418,0,1.1535550531e-05,,TESS Sector 50,25213.0,-5.081808194518089e-05,7514902461.900072
360,2459690.80655613,0,1.142778541e-05,,TESS Sector 50,25214.0,-3.93143855035305e-05,7657303250.727613
361,2459690.9683301,0,1.0416548212e-05,,TESS Sector 50,25215.0,-3.5789795219898224e-05,9216209605.791275
362,2459691.13008693,0,1.1307397422e-05,,TESS Sector 50,25216.0,-4.940619692206383e-05,7821223324.5027275
363,2459691.29185659,0,1.2309856533e-05,,TESS Sector 50,25217.0,-5.0191767513751984e-05,6599241431.081758
364,2459691.45363014,0,1.4455427139e-05,,TESS Sector 50,25218.0,-4.70881350338459e-05,4785619242.409316
365,2459693.07132721,0,2.9067209292e-05,,TESS Sector 51,25228.0,-5.4478179663419724e-05,1183568299.6959267
366,2459693.23309766,0,2.9067209292e-05,,TESS Sector 51,25229.0,-5.447445437312126e-05,1183568299.6959267
367,2459697.27739834,0,1.9774175231e-05,,TESS Sector 51,25254.0,-1.4944002032279968e-05,2557426984.1436872
368,2459697.43915269,0,1.7348851942e-05,,TESS Sector 51,25255.0,-3.1040050089359283e-05,3322450494.951664
369,2459697.60091543,0,1.5718137233e-05,,TESS Sector 51,25256.0,-3.874581307172775e-05,4047602426.1568823
370,2459697.76270153,0,1.4878192463e-05,,TESS Sector 51,25257.0,-2.309214323759079e-05,4517515540.076275
371,2459697.92446652,0,1.4067695092e-05,,TESS Sector 51,25258.0,-2.8547830879688263e-05,5053055945.398627
372,2459698.08621261,0,1.2468927401e-05,,TESS Sector 51,25259.0,-5.2904244512319565e-05,6431937377.255403
373,2459698.24798285,0,1.4638035614e-05,,TESS Sector 51,25260.0,-5.3110066801309586e-05,4666963465.452954
374,2459698.40976255,0,1.6411878226e-05,,TESS Sector 51,25261.0,-4.385598003864288e-05,3712645033.048815
375,2459698.57152808,0,1.378985667e-05,,TESS Sector 51,25262.0,-4.8772431910037994e-05,5258725426.3622265
376,2459698.73329119,0,1.3303750503e-05,,TESS Sector 51,25263.0,-5.610799416899681e-05,5650043829.817749
377,2459698.89507483,0,1.3756696181e-05,,TESS Sector 51,25264.0,-4.2914412915706635e-05,5284108276.717968
378,2459699.05684569,0,1.4213360156e-05,,TESS Sector 51,25265.0,-4.2499974370002747e-05,4950014581.383518
379,2459699.2186125,0,1.2396300738e-05,,TESS Sector 51,25266.0,-4.613632336258888e-05,6507524208.282843
380,2459699.38038497,0,1.1853932577e-05,,TESS Sector 51,25267.0,-4.411209374666214e-05,7116641593.598909
381,2459699.54215765,0,1.1358254671e-05,,TESS Sector 51,25268.0,-4.1878316551446915e-05,7751340159.604645
382,2459699.70392313,0,1.2849430941e-05,,TESS Sector 51,25269.0,-4.6844128519296646e-05,6056646280.052248
383,2459699.86567965,0,1.2206131413e-05,,TESS Sector 51,25270.0,-6.0770194977521896e-05,6711875890.65319
384,2459700.02745012,0,1.3980103474e-05,,TESS Sector 51,25271.0,-6.0745980590581894e-05,5116573630.718085
385,2459700.18923114,0,1.2641826567e-05,,TESS Sector 51,25272.0,-5.017220973968506e-05,6257204429.809091
386,2459700.35099103,0,1.1679713881e-05,,TESS Sector 51,25273.0,-6.072781980037689e-05,7330533657.080838
387,2459700.51275842,0,1.0777857696e-05,,TESS Sector 51,25274.0,-6.378442049026489e-05,8608651160.41343
388,2459700.67454,0,1.2718197982e-05,,TESS Sector 51,25275.0,-5.264999344944954e-05,6182282373.524294
389,2459700.83632359,0,1.1054512615e-05,,TESS Sector 51,25276.0,-3.950623795390129e-05,8183155440.371824
390,2459700.99810627,0,1.0224715889e-05,,TESS Sector 51,25277.0,-2.7271918952465057e-05,9565275904.85469
391,2459701.15987689,0,9.363041685e-06,,TESS Sector 51,25278.0,-2.709822729229927e-05,11406859339.385826
392,2459701.32162109,0,9.656988809e-06,,TESS Sector 51,25279.0,-5.334382876753807e-05,10723005870.553698
393,2459701.48339814,0,1.3223137483e-05,,TESS Sector 51,25280.0,-4.674028605222702e-05,5719143231.191827
394,2459701.64517685,0,1.4522527067e-05,,TESS Sector 51,25281.0,-3.847619518637657e-05,4741498427.148712
395,2459701.80693867,0,1.1474558236e-05,,TESS Sector 51,25282.0,-4.7102104872465134e-05,7595004772.908005
396,2459701.96870759,0,1.2328531021e-05,,TESS Sector 51,25283.0,-4.8628076910972595e-05,6579264335.917997
397,2459702.13047379,0,1.2995362682e-05,,TESS Sector 51,25284.0,-5.287397652864456e-05,5921383523.435902
398,2459702.29224769,0,1.6017399334e-05,,TESS Sector 51,25285.0,-4.942016676068306e-05,3897768069.570982
399,2459702.45403002,0,1.4744775149e-05,,TESS Sector 51,25286.0,-3.7536025047302246e-05,4599638407.268938
400,2459702.61578051,0,1.2363362694e-05,,TESS Sector 51,25287.0,-5.749193951487541e-05,6542244639.843062
401,2459702.77755506,0,1.2702373703e-05,,TESS Sector 51,25288.0,-5.3388066589832306e-05,6197695413.721257
402,2459702.93932337,0,1.2660415557e-05,,TESS Sector 51,25289.0,-5.5524054914712906e-05,6238843307.509177
403,2459703.10109155,0,9.773714951e-06,,TESS Sector 51,25290.0,-5.7789962738752365e-05,10468408526.716616
404,2459703.26286967,0,7.860891286e-06,,TESS Sector 51,25291.0,-5.011586472392082e-05,16182902580.119816
405,2459703.42462563,0,1.0424320312e-05,,TESS Sector 51,25292.0,-6.460212171077728e-05,9202472000.25561
406,2459703.58640521,0,1.4701979655e-05,,TESS Sector 51,25293.0,-5.546770989894867e-05,4626455243.566394
407,2459703.74818953,0,1.4280252559e-05,,TESS Sector 51,25294.0,-4.1594263166189194e-05,4903748894.309782
408,2459703.90994698,0,1.1539082014e-05,,TESS Sector 51,25295.0,-5.459040403366089e-05,7510303363.076196
409,2459704.07172256,0,1.359758189e-05,,TESS Sector 51,25296.0,-4.9456022679805756e-05,5408497509.056699
410,2459704.23349259,0,1.4693297066e-05,,TESS Sector 51,25297.0,-4.9872323870658875e-05,4631924605.245327
411,2459704.39525779,0,1.5641333106e-05,,TESS Sector 51,25298.0,-5.511799827218056e-05,4087450156.823346
412,2459704.55702088,0,1.8339398042e-05,,TESS Sector 51,25299.0,-6.247451528906822e-05,2973239177.545516
413,2459710.38079554,0,1.5654785209e-05,,TESS Sector 51,25335.0,-2.3870263248682022e-05,4080428511.2806754
414,2459710.54256174,0,1.4313853181e-05,,TESS Sector 51,25336.0,-2.811616286635399e-05,4880753601.584624
415,2459710.70432624,0,1.5492869277e-05,,TESS Sector 51,25337.0,-3.406219184398651e-05,4166163282.4505982
416,2459710.866091,0,1.7398020939e-05,,TESS Sector 51,25338.0,-3.9748381823301315e-05,3303697704.754667
417,2459711.02786097,0,1.4769799308e-05,,TESS Sector 51,25339.0,-4.0224287658929825e-05,4584065470.503328
418,2459711.18962841,0,1.4029123355e-05,,TESS Sector 51,25340.0,-4.323013126850128e-05,5080879933.625044
419,2459711.35138414,0,1.5131884581e-05,,TESS Sector 51,25341.0,-5.794595927000046e-05,4367309395.230688
420,2459711.51315485,0,1.3378481415e-05,,TESS Sector 51,25342.0,-5.768239498138428e-05,5587098920.16871
421,2459711.67492914,0,1.352653213e-05,,TESS Sector 51,25343.0,-5.383789539337158e-05,5465464315.513084
422,2459711.83669281,0,1.349775246e-05,,TESS Sector 51,25344.0,-6.0614198446273804e-05,5488795896.068923
423,2459711.99845915,0,1.1748810155e-05,,TESS Sector 51,25345.0,-6.471993401646614e-05,7244563567.771813
424,2459712.16023738,0,1.4000035141e-05,,TESS Sector 51,25346.0,-5.693640559911728e-05,5102015203.449205
425,2459712.32200578,0,1.4464488932e-05,,TESS Sector 51,25347.0,-5.898205563426018e-05,4779624878.283701
426,2459712.48378498,0,1.5656900379e-05,,TESS Sector 51,25348.0,-5.022808909416199e-05,4079326094.227997
427,2459712.64555754,0,1.3519417076e-05,,TESS Sector 51,25349.0,-4.811398684978485e-05,5471218603.045636
428,2459712.8073212,0,1.5287016145e-05,,TESS Sector 51,25350.0,-5.4900068789720535e-05,4279120846.0516977
429,2459712.96908693,0,1.1940499123e-05,,TESS Sector 51,25351.0,-5.961582064628601e-05,7013826811.678782
430,2459713.13086621,0,1.0531124705e-05,,TESS Sector 51,25352.0,-5.07822260260582e-05,9016759559.461615
431,2459713.29263776,0,1.2679985036e-05,,TESS Sector 51,25353.0,-4.967814311385155e-05,6219600903.186817
432,2459713.45441715,0,1.2447462283e-05,,TESS Sector 51,25354.0,-4.07341867685318e-05,6454139707.802825
433,2459713.61619301,0,1.2007062637e-05,,TESS Sector 51,25355.0,-3.5319942981004715e-05,6936277306.9627905
434,2459713.77794417,0,1.2486966235e-05,,TESS Sector 51,25356.0,-5.460623651742935e-05,6413367479.154571
435,2459713.93970733,0,1.2817399436e-05,,TESS Sector 51,25357.0,-6.189197301864624e-05,6086956002.422212
436,2459714.10148904,0,1.1992499671e-05,,TESS Sector 51,25358.0,-5.0628092139959335e-05,6953133526.309742
437,2459714.26324848,0,1.349790177e-05,,TESS Sector 51,25359.0,-6.163399666547775e-05,5488674465.701969
438,2459714.42500476,0,1.2386919752e-05,,TESS Sector 51,25360.0,-7.58003443479538e-05,6517384627.349924
439,2459714.58679015,0,1.0146549009e-05,,TESS Sector 51,25361.0,-6.085587665438652e-05,9713221336.912554
440,2459714.74857364,0,1.1867163249e-05,,TESS Sector 51,25362.0,-4.7812238335609436e-05,7100781786.085586
441,2459714.91034773,0,1.0999815349e-05,,TESS Sector 51,25363.0,-4.416797310113907e-05,8264740278.96252
442,2459715.0721205,0,8.695693958e-06,,TESS Sector 51,25364.0,-4.184432327747345e-05,13224872904.169573
443,2459715.23389107,0,1.0873522897e-05,,TESS Sector 51,25365.0,-4.172045737504959e-05,8457839769.436067
444,2459715.39566204,0,9.952774031e-06,,TESS Sector 51,25366.0,-4.119612276554108e-05,10095125263.765455
445,2459715.55743618,0,1.0456807459e-05,,TESS Sector 51,25367.0,-3.750249743461609e-05,9145380453.90491
446,2459715.71920033,0,1.0488704508e-05,,TESS Sector 51,25368.0,-4.3798238039016724e-05,9089841261.299582
447,2459715.88095324,0,1.075400174e-05,,TESS Sector 51,25369.0,-6.133411079645157e-05,8646887231.994898
448,2459716.04271669,0,1.2370886969e-05,,TESS Sector 51,25370.0,-6.833020597696304e-05,6534288754.7409935
449,2459716.20450324,0,1.176902503e-05,,TESS Sector 51,25371.0,-5.2226241677999496e-05,7219697926.886792
450,2459716.36626023,0,1.0407557887e-05,,TESS Sector 51,25372.0,-6.568199023604393e-05,9232138896.301502
451,2459716.52802937,0,1.0131279617e-05,,TESS Sector 51,25373.0,-6.698817014694214e-05,9742522028.730309
452,2459716.68981802,0,1.4344982683e-05,,TESS Sector 51,25374.0,-4.878407344222069e-05,4859593509.905959
453,2459716.85159898,0,1.2503465717e-05,,TESS Sector 51,25375.0,-3.827037289738655e-05,6396452581.182128
454,2459717.01336674,0,1.1798815992000001e-05,,TESS Sector 51,25376.0,-4.095584154129028e-05,7183285762.210699
455,2459717.17513733,0,1.2304826676e-05,,TESS Sector 51,25377.0,-4.08124178647995e-05,6604637691.557269
456,2459717.33690273,0,1.2964319496e-05,,TESS Sector 51,25378.0,-4.5857857912778854e-05,5949775092.751181
457,2459717.49866305,0,1.4339615562e-05,,TESS Sector 51,25379.0,-5.598412826657295e-05,4863231948.794042
458,2459997.52330312,0,1.048731231e-05,,This Study,27110.0,-5.7940371334552765e-05,9092254786.981064
459,2460038.45123119,0,2.09683e-05,,AAVSO,27363.0,-5.2708201110363007e-05,2274435141.474444
460,2460053.49588743,0,7.360066103e-06,,This Study,27456.0,-4.7946348786354065e-05,18460207154.386482
461,2460056.569466,0,3e-06,,Ždánice ,27475.0,-0.00010784994810819626,111111111111.1111
462,2460069.349345,0,1.4e-05,,Ždánice ,27554.0,-9.408406913280487e-05,5102040816.32653
463,2460080.51155645,0,1.3159797888e-05,,This Study,27623.0,-4.3408479541540146e-05,5774329487.076561
464,2460088.43828278,0,3.37571e-05,,AAVSO,27672.0,-6.893230602145195e-05,877545693.9273366
465,2460107.52723802,0,3.19653e-05,,AAVSO,27790.0,-2.632010728120804e-05,978683869.8385516
466,2460128.395626,0,1.3108730215e-05,,This Study,27919.0,-2.5874003767967224e-05,5819407225.374403
467,2460317.66702967,0,2.71575e-05,,AAVSO,29089.0,-4.402408376336098e-05,1355877405.2597823
468,2460332.71174661,0,4.05361e-05,,AAVSO,29182.0,2.1437648683786392e-05,608577756.2434695
469,2460359.56558752,0,1.7310878151e-05,,This Study,29348.0,-3.168778494000435e-05,3337042986.5489993
470,2460369.59533181,0,2.060282115e-05,,This Study,29410.0,-5.505001172423363e-05,2355844467.4252644
471,2460388.52246676,0,5.43797e-05,,AAVSO,29527.0,-6.228219717741013e-05,338163231.7414804
472,2460388.522489,0,1e-05,,Literature,29527.0,-4.00422140955925e-05,9999999999.999998
473,2460395.64041698,0,1.3313127173e-05,,TESS Sector 77-FFI,29571.0,-1.1686235666275024e-05,5642087781.789343
474,2460395.80217919,0,1.4476701279e-05,,TESS Sector 77-FFI,29572.0,-1.992238685488701e-05,4771564227.425747
475,2460395.96395442,0,1.4430119956e-05,,TESS Sector 77-FFI,29573.0,-1.5138182789087296e-05,4802419760.024318
476,2460396.12572051,0,1.4988511938e-05,,TESS Sector 77-FFI,29574.0,-1.9494444131851196e-05,4451260013.657242
477,2460396.28749194,0,1.4938776406e-05,,TESS Sector 77-FFI,29575.0,-1.8510036170482635e-05,4480948430.922446
478,2460396.44926582,0,1.5021747661e-05,,TESS Sector 77-FFI,29576.0,-1.5076249837875366e-05,4431584914.851591
479,2460396.61103685,0,1.7418429793e-05,,TESS Sector 77-FFI,29577.0,-1.4491844922304153e-05,3295960476.4527144
480,2460396.77281196,0,1.5551859011e-05,,TESS Sector 77-FFI,29578.0,-9.828247129917145e-06,4134617887.6435037
481,2460396.93457664,0,1.4639832814e-05,,TESS Sector 77-FFI,29579.0,-1.5594065189361572e-05,4665817693.910353
482,2460397.09635044,0,1.3866613041e-05,,TESS Sector 77-FFI,29580.0,-1.2240372598171234e-05,5200668922.570836
483,2460397.25812258,0,1.4723405857e-05,,TESS Sector 77-FFI,29581.0,-1.0545831173658371e-05,4612999764.837935
484,2460397.41990566,0,1.4130794401e-05,,TESS Sector 77-FFI,29582.0,2.088025212287903e-06,5008029112.57522
485,2460397.58166419,0,1.4021581348e-05,,TESS Sector 77-FFI,29583.0,-9.827781468629837e-06,5086347268.15335
486,2460397.74343237,0,1.4312699781e-05,,TESS Sector 77-FFI,29584.0,-1.2094154953956604e-05,4881540271.90084
487,2460397.90521592,0,2.1869809869e-05,,TESS Sector 77-FFI,29585.0,1.0100193321704865e-06,2090787934.4539258
488,2460398.06697464,0,1.8316535094e-05,,TESS Sector 77-FFI,29586.0,-1.0716263204813004e-05,2980666285.0496597
489,2460398.2287524,0,1.5085156925e-05,,TESS Sector 77-FFI,29587.0,-3.402121365070343e-06,4394407582.043513
490,2460398.39052293,0,2.2720271732e-05,,TESS Sector 77-FFI,29588.0,-3.31830233335495e-06,1937193296.915872
491,2460398.5523009,0,1.545687566e-05,,TESS Sector 77-FFI,29589.0,4.206318408250809e-06,4185588926.463155
492,2460398.71406238,0,1.9374935835e-05,,TESS Sector 77-FFI,29590.0,-4.759989678859711e-06,2663909423.728347
493,2460398.87583865,0,1.8164798621e-05,,TESS Sector 77-FFI,29591.0,1.0635703802108765e-06,3030671220.658338
494,2460399.03760213,0,1.8386449052e-05,,TESS Sector 77-FFI,29592.0,-5.902256816625595e-06,2958041581.609904
495,2460399.19937674,0,1.7932351874e-05,,TESS Sector 77-FFI,29593.0,-1.7383135855197906e-06,3109750137.7664547
496,2460399.36114816,0,1.8919656368e-05,,TESS Sector 77-FFI,29594.0,-7.641501724720001e-07,2793659756.1261845
497,2460404.86134652,0,2.1774260169e-05,,TESS Sector 77-FFI,29628.0,2.4316832423210144e-06,2109177765.5970626
498,2460405.02311346,0,1.9082238145e-05,,TESS Sector 77-FFI,29629.0,-1.0742805898189545e-06,2746258265.0989943
499,2460405.18487858,0,2.1011274243e-05,,TESS Sector 77-FFI,29630.0,-6.400514394044876e-06,2265140876.7277336
500,2460405.34664231,0,2.0529068146e-05,,TESS Sector 77-FFI,29631.0,-1.3116281479597092e-05,2372802150.508041
501,2460405.50841275,0,2.0529068107e-05,,TESS Sector 77-FFI,29632.0,-1.3122335076332092e-05,2372802159.5234814
502,2460405.50841512,0,1.4894641754e-05,,This Study,29632.0,-1.07521191239357e-05,4507542974.656209
503,2460405.6701832,0,2.0529068133e-05,,TESS Sector 77-FFI,29633.0,-1.3118144124746323e-05,2372802153.513188
504,2460405.83195365,0,2.0529068081e-05,,TESS Sector 77-FFI,29634.0,-1.311441883444786e-05,2372802165.533774
505,2460405.9937241,0,2.0529068185e-05,,TESS Sector 77-FFI,29635.0,-1.3110227882862091e-05,2372802141.4926023
506,2460406.15549455,0,2.0529068126e-05,,TESS Sector 77-FFI,29636.0,-1.3106502592563629e-05,2372802155.1313443
507,2460406.317265,0,2.0529068133e-05,,TESS Sector 77-FFI,29637.0,-1.3101845979690552e-05,2372802153.513188
508,2460406.47903545,0,2.0529068159e-05,,TESS Sector 77-FFI,29638.0,-1.309812068939209e-05,2372802147.5028954
509,2460406.64080709,0,1.9556525704e-05,,TESS Sector 77-FFI,29639.0,-1.1904165148735046e-05,2614668252.8443966
510,2460406.80258792,0,1.9155065036e-05,,TESS Sector 77-FFI,29640.0,-1.5203841030597687e-06,2725415605.293416
511,2460406.96434807,0,2.0748810491e-05,,TESS Sector 77-FFI,29641.0,-1.1816155165433884e-05,2322809490.676389
512,2460410.52328059,0,5.781980309e-06,,This Study,29663.0,-2.910848706960678e-05,29912091688.455727
513,2460411.49388249,0,2.76071e-05,,AAVSO,29669.0,-4.9884431064128876e-05,1312074282.8520796
514,2460415.53809443,0,3.7375141613e-05,,This Study,29694.0,-9.909411892294884e-05,715870236.5046594
515,2460418.61177418,0,1.20964e-05,,AAVSO,29713.0,-5.781790241599083e-05,6834200580.447573
516,2460419.25891708,0,2.2639625997e-05,,TESS Sector 77-FFI,29717.0,3.2978132367134094e-06,1951019022.4956415
517,2460419.42068431,0,2.266875593e-05,,TESS Sector 77-FFI,29718.0,8.195638656616211e-08,1946008025.1902323
518,2460419.58245421,0,2.1653192557e-05,,TESS Sector 77-FFI,29719.0,-4.637986421585083e-07,2132829426.3414118
519,2460419.74422929,0,2.101618493e-05,,TESS Sector 77-FFI,29720.0,4.169996827840805e-06,2264082445.015696
520,2460419.906001,0,1.9876638863e-05,,TESS Sector 77-FFI,29721.0,5.434267222881317e-06,2531127986.0499988
521,2460420.06778075,0,1.9806095291e-05,,TESS Sector 77-FFI,29722.0,1.473771408200264e-05,2549190384.2099166
522,2460420.22954112,0,1.8263515685e-05,,TESS Sector 77-FFI,29723.0,4.6622008085250854e-06,2997997291.2543726
523,2460420.39130666,0,1.8223836944e-05,,TESS Sector 77-FFI,29724.0,-2.4400651454925537e-07,3011066576.3468995
524,2460420.55308415,0,1.8740860566e-05,,TESS Sector 77-FFI,29725.0,6.800051778554916e-06,2847219445.209591
525,2460420.71486394,0,1.6437576291e-05,,TESS Sector 77-FFI,29726.0,1.6144011169672012e-05,3701045608.3278594
526,2460420.87662997,0,1.5281947614e-05,,TESS Sector 77-FFI,29727.0,1.1727679520845413e-05,4281959810.555087
527,2460421.03839968,0,1.5158485817e-05,,TESS Sector 77-FFI,29728.0,1.0991934686899185e-05,4351994687.373181
528,2460421.20017546,0,1.4824506912e-05,,TESS Sector 77-FFI,29729.0,1.632561907172203e-05,4550294296.713625
529,2460421.36193355,0,1.6129414494e-05,,TESS Sector 77-FFI,29730.0,3.969762474298477e-06,3843817811.424391
530,2460421.52370962,0,1.3062913795e-05,,TESS Sector 77-FFI,29731.0,9.593553841114044e-06,5860300395.837106
531,2460421.68548405,0,1.3578547655e-05,,TESS Sector 77-FFI,29732.0,1.3577751815319061e-05,5423671262.513451
532,2460421.84725314,0,1.632291202e-05,,TESS Sector 77-FFI,29733.0,1.2221746146678925e-05,3753226036.4695187
533,2460422.00901822,0,1.8447030887e-05,,TESS Sector 77-FFI,29734.0,6.855931133031845e-06,2938644495.2003527
534,2460422.17078602,0,1.7355854446e-05,,TESS Sector 77-FFI,29735.0,4.209578037261963e-06,3319770041.5594263
535,2460422.33255487,0,1.8433172935e-05,,TESS Sector 77-FFI,29736.0,2.6137568056583405e-06,2943064667.721239
536,2460422.49432921,0,1.8062672918e-05,,TESS Sector 77-FFI,29737.0,6.507616490125656e-06,3065038715.211349
537,2460422.65610051,0,1.7585654249e-05,,TESS Sector 77-FFI,29738.0,7.362104952335358e-06,3233575007.448275
538,2460422.81787665,0,1.9677640812e-05,,TESS Sector 77-FFI,29739.0,1.3055745512247086e-05,2582580944.4938684
539,2460422.97965697,0,1.9520746791e-05,,TESS Sector 77-FFI,29740.0,2.2930093109607697e-05,2624261709.615368
540,2460423.14141807,0,2.0178024512e-05,,TESS Sector 77-FFI,29741.0,1.3583805412054062e-05,2456081135.667513
541,2460423.30318965,0,2.1673408964e-05,,TESS Sector 77-FFI,29742.0,1.4718156307935715e-05,2128852383.4998393
542,2460423.46495354,0,2.305996232e-05,,TESS Sector 77-FFI,29743.0,8.161645382642746e-06,1880541029.8947515
543,2460434.46530158,0,1.79944e-05,,AAVSO,29811.0,-3.412645310163498e-05,3088341088.6206465
544,2460434.46533004,0,2.1066061886e-05,,TESS Sector 78-FFI,29811.0,-5.666166543960571e-06,2253374049.938781
545,2460434.62709437,0,2.061988588e-05,,TESS Sector 78-FFI,29812.0,-1.1782161891460419e-05,2351946752.884325
546,2460434.7888645,0,2.9703834665e-05,,TESS Sector 78-FFI,29813.0,-1.2098345905542374e-05,1133378479.9768705
547,2460434.95063065,0,2.4652586069e-05,,TESS Sector 78-FFI,29814.0,-1.639407128095627e-05,1645413410.4185863
548,2460435.11241355,0,2.7539328407e-05,,TESS Sector 78-FFI,29815.0,-3.94042581319809e-06,1318540001.7219477
549,2460435.2741737,0,2.1971613785e-05,,TESS Sector 78-FFI,29816.0,-1.4236196875572205e-05,2071457785.316256
550,2460435.4359775,0,2.5633667681e-05,,TESS Sector 78-FFI,29817.0,1.9117724150419235e-05,1521873309.551482
551,2460435.59770954,0,1.8491927345e-05,,TESS Sector 78-FFI,29818.0,-1.9288156181573868e-05,2924392376.980075
552,2460435.75950668,0,2.1332693425e-05,,TESS Sector 78-FFI,29819.0,7.405877113342285e-06,2197397447.9859037
553,2460435.92126014,0,1.8316090682e-05,,TESS Sector 78-FFI,29820.0,-9.58004966378212e-06,2980810929.4454856
554,2460436.08303059,0,1.8316090754e-05,,TESS Sector 78-FFI,29821.0,-9.576324373483658e-06,2980810906.0105305
555,2460436.24482521,0,1.9807662464e-05,,TESS Sector 78-FFI,29822.0,1.4598015695810318e-05,2548787018.663164
556,2460436.40659981,0,1.7251040751e-05,,TESS Sector 78-FFI,29823.0,1.8751714378595352e-05,3360233040.577583
557,2460436.56836225,0,1.4068007046e-05,,TESS Sector 78-FFI,29824.0,1.0746065527200699e-05,5052831847.766033
558,2460436.73013005,0,1.1978977616e-05,,TESS Sector 78-FFI,29825.0,8.099712431430817e-06,6968839995.252938
559,2460436.89190306,0,1.0590375798e-05,,TESS Sector 78-FFI,29826.0,1.0664109140634537e-05,8916147768.349663
560,2460437.05367422,0,1.1117991571e-05,,TESS Sector 78-FFI,29827.0,1.1377967894077301e-05,8089977599.869981
561,2460437.21544213,0,9.714942106e-06,,TESS Sector 78-FFI,29828.0,8.841976523399353e-06,10595453900.742666
562,2460437.37721754,0,9.947541678e-06,,TESS Sector 78-FFI,29829.0,1.3805925846099854e-05,10105748019.118975
563,2460437.53898988,0,1.3657341878e-05,,TESS Sector 78-FFI,29830.0,1.569977030158043e-05,5361269488.32742
564,2460438.02428817,0,1.1873672603e-05,,TESS Sector 78-FFI,29833.0,2.651941031217575e-06,7092998375.821327
565,2460438.18605799,0,1.0656440324e-05,,TESS Sector 78-FFI,29834.0,2.0256265997886658e-06,8805939259.649326
566,2460438.34783083,0,1.1313704882e-05,,TESS Sector 78-FFI,29835.0,4.420056939125061e-06,7812504995.304059
567,2460438.50959774,0,1.0813014864e-05,,TESS Sector 78-FFI,29836.0,8.838251233100891e-07,8552762257.062709
568,2460438.67136925,0,1.0786831905e-05,,TESS Sector 78-FFI,29837.0,1.9478611648082733e-06,8594333017.972204
569,2460438.83314097,0,1.1032504153e-05,,TESS Sector 78-FFI,29838.0,3.221910446882248e-06,8215836742.85285
570,2460438.99491303,0,1.0562834092e-05,,TESS Sector 78-FFI,29839.0,4.835892468690872e-06,8962704604.259651
571,2460439.15668224,0,1.0216029042e-05,,TESS Sector 78-FFI,29840.0,3.5995617508888245e-06,9581549824.045479
572,2460439.31845418,0,9.643814677e-06,,TESS Sector 78-FFI,29841.0,5.09386882185936e-06,10752322648.069304
573,2460439.48022,0,1.0193590999e-05,,TESS Sector 78-FFI,29842.0,4.675239324569702e-07,9623777895.660316
574,2460439.64198908,0,9.487712742e-06,,TESS Sector 78-FFI,29843.0,-8.98260623216629e-07,11109050619.867275
575,2460439.8037601,0,9.751695831e-06,,TESS Sector 78-FFI,29844.0,-3.241002559661865e-07,10515736783.338394
576,2460439.9655302,0,9.804381706e-06,,TESS Sector 78-FFI,29845.0,-6.700865924358368e-07,10403023465.82784
577,2460440.12730309,0,9.088778784e-06,,TESS Sector 78-FFI,29846.0,1.7737038433551788e-06,12105672870.931879
578,2460440.28907239,0,9.251294303e-06,,TESS Sector 78-FFI,29847.0,6.281770765781403e-07,11684093024.730087
579,2460440.45083867,0,9.657817241e-06,,TESS Sector 78-FFI,29848.0,-3.538094460964203e-06,10721166345.12452
580,2460440.61261196,0,9.384647139e-06,,TESS Sector 78-FFI,29849.0,-6.938353180885315e-07,11354397764.538755
581,2460440.77438753,0,8.728130214e-06,,TESS Sector 78-FFI,29850.0,4.4298358261585236e-06,13126760645.77807
582,2460440.93615975,0,8.183567108e-06,,TESS Sector 78-FFI,29851.0,6.20400533080101e-06,14931887312.547462
583,2460441.09792967,0,8.496922119e-06,,TESS Sector 78-FFI,29852.0,5.677808076143265e-06,13850859527.21484
584,2460441.25970076,0,7.795180025e-06,,TESS Sector 78-FFI,29853.0,6.321817636489868e-06,16456887533.533985
585,2460441.42146949,0,8.045480005e-06,,TESS Sector 78-FFI,29854.0,4.605855792760849e-06,15448847292.0964
586,2460441.58324041,0,7.968766586e-06,,TESS Sector 78-FFI,29855.0,5.0798989832401276e-06,15747723757.728031
587,2460441.7450095,0,8.833436793e-06,,TESS Sector 78-FFI,29856.0,3.723893314599991e-06,12815648530.056421
588,2460441.90678168,0,8.705631474e-06,,TESS Sector 78-FFI,29857.0,5.458015948534012e-06,13194697637.306004
589,2460442.06855313,0,9.388230367e-06,,TESS Sector 78-FFI,29858.0,6.461981683969498e-06,11345732099.09225
590,2460442.23032327,0,9.373261094e-06,,TESS Sector 78-FFI,29859.0,6.156042218208313e-06,11381999728.082897
591,2460442.39209305,0,9.672134536e-06,,TESS Sector 78-FFI,29860.0,5.489680916070938e-06,10689449562.852953
592,2460442.5538631,0,9.716919852e-06,,TESS Sector 78-FFI,29861.0,5.09386882185936e-06,10591141220.525892
593,2460442.71563795,0,1.0958241676e-05,,TESS Sector 78-FFI,29862.0,9.498093277215958e-06,8327569223.808657
594,2460442.87740924,0,1.1571875498e-05,,TESS Sector 78-FFI,29863.0,1.0341871529817581e-05,7467796850.701109
595,2460443.03917803,0,1.1368899604e-05,,TESS Sector 78-FFI,29864.0,8.68597999215126e-06,7736831478.823986
596,2460443.20094895,0,1.2963961565e-05,,TESS Sector 78-FFI,29865.0,9.159557521343231e-06,5950103640.215158
597,2460443.36272047,0,1.3719830553e-05,,TESS Sector 78-FFI,29866.0,1.0233838111162186e-05,5312543568.084222
598,2460443.52448974,0,1.346272192e-05,,TESS Sector 78-FFI,29867.0,9.057577699422836e-06,5517397190.751651
599,2460443.68626006,0,1.3622406929e-05,,TESS Sector 78-FFI,29868.0,8.931849151849747e-06,5388802924.815881
600,2460446.43636324,0,3.5236935258e-05,,This Study,29885.0,1.452956348657608e-05,805385382.4360213
601,2460448.86291376,0,1.53317e-05,,TESS Sector 78-FFI,29900.0,8.359551429748535e-06,4254214412.9081516
602,2460449.02466021,0,2.19693e-05,,TESS Sector 78-FFI,29901.0,-1.563597470521927e-05,2071894136.0733547
603,2460449.18646219,0,1.33382e-05,,TESS Sector 78-FFI,29902.0,1.5897676348686218e-05,5620895997.078263
604,2460449.34821381,0,2.10204e-05,,TESS Sector 78-FFI,29903.0,-2.9280781745910645e-06,2263174535.6352673
605,2460460.348545,0,2.8e-05,,Ždánice ,29971.0,-6.206613034009933e-05,1275510204.0816326
606,2460460.510318,0,3e-06,,Ždánice ,29972.0,-5.951244384050369e-05,111111111111.1111
607,2460466.495854,0,1e-05,,This Study,30009.0,-3.0014198273420334e-05,9999999999.999998
608,2460513.40930603,0,2.51689e-05,,AAVSO,30299.0,-7.324386388063431e-06,1578597931.951929
609,2460515.51230068,0,1.70031e-05,,AAVSO,30312.0,-2.847239375114441e-05,3458945999.485063
610,2460543.33680524,0,4.51521e-05,,This Study,30484.0,-4.062429070472717e-05,490505737.97138774
611,2460543.33682419,0,1.4173017453e-05,,This Study,30484.0,-2.1674204617738724e-05,4978234567.9744625
612,2460739.564389,0,8.498e-05,,Ždánice ,31697.0,-7.861759513616562e-06,138473460.8134784
613,2460739.564425,0,2.9269945047e-05,,Ždánice ,31697.0,2.8138048946857452e-05,1167229313.7256725
614,2460797.316474,0,1.63468e-05,,AAVSO,32054.0,2.791592851281166e-05,3742264688.7420235
615,2460801.36071109,0,1.514e-05,,This Study,32079.0,3.855675458908081e-06,4362628675.732791
616,2460831.45006759,0,1.536e-05,,This Study,32265.0,5.739973857998848e-05,4238552517.361112
617,2458966.560254,0,7.7e-05,,TESS Sector 24-old,20737.0,-5.4702162742614746e-05,168662506.32484397
618,2458975.457632,0,7.7e-05,,TESS Sector 24-old,20792.0,-5.123205482959747e-05,168662506.32484397
619,2458960.412983,0,7.5e-05,,TESS Sector 24-old,20699.0,-4.875427111983299e-05,177777777.77777782
620,2458974.486971,0,6.4e-05,,TESS Sector 24-old,20786.0,-8.955597877502441e-05,244140625.0
621,2458975.295873,0,6.4e-05,,TESS Sector 24-old,20791.0,-3.978610038757324e-05,244140625.0
622,2458980.796035,0,5.9e-05,,TESS Sector 24-old,20825.0,-7.295003160834312e-05,287273771.9046251
623,2458960.089453,0,5e-05,,TESS Sector 24-old,20697.0,-3.7861987948417664e-05,400000000.0
624,2458960.574763,0,4.8e-05,,TESS Sector 24-old,20700.0,-3.9200298488140106e-05,434027777.77777773
625,2458973.516407,0,4.8e-05,,TESS Sector 24-old,20780.0,-3.088032826781273e-05,434027777.77777773
626,2458976.104703,0,4.7e-05,,TESS Sector 24-old,20796.0,-6.20163045823574e-05,452693526.48257136
627,2458959.60413,0,4.6e-05,,TESS Sector 24-old,20694.0,-4.952447488903999e-05,472589792.06049144
628,2458966.074918,0,4.5e-05,,TESS Sector 24-old,20734.0,-7.936405017971992e-05,493827160.4938271
629,2458976.91356,0,4.5e-05,,TESS Sector 24-old,20801.0,-5.7246536016464233e-05,493827160.4938271
630,2458980.148968,0,4.5e-05,,TESS Sector 24-old,20821.0,-5.816621705889702e-05,493827160.4938271
631,2458959.765882,0,4.4e-05,,TESS Sector 24-old,20695.0,-6.797024980187416e-05,516528925.6198347
632,2458960.251173,0,4.4e-05,,TESS Sector 24-old,20698.0,-8.830847218632698e-05,516528925.6198347
633,2458974.9723,0,4.2e-05,,TESS Sector 24-old,20789.0,-7.189391180872917e-05,566893424.0362812
634,2458976.26648,0,4.2e-05,,TESS Sector 24-old,20797.0,-5.5462121963500977e-05,566893424.0362812
635,2458976.590031,0,4.2e-05,,TESS Sector 24-old,20799.0,-4.535447806119919e-05,566893424.0362812
636,2458979.50188,0,4.2e-05,,TESS Sector 24-old,20817.0,-6.438232958316803e-05,566893424.0362812
637,2458963.163083,0,4.1e-05,,TESS Sector 24-old,20716.0,-4.63360920548439e-05,594883997.620464
638,2458963.810171,0,4.1e-05,,TESS Sector 24-old,20720.0,-4.011997953057289e-05,594883997.620464
639,2458961.060112,0,4e-05,,TESS Sector 24-old,20703.0,-1.5380792319774628e-06,624999999.9999999
640,2458979.825421,0,4e-05,,TESS Sector 24-old,20819.0,-6.427429616451263e-05,624999999.9999999
641,2458962.67772,0,3.9e-05,,TESS Sector 24-old,20713.0,-9.799795225262642e-05,657462195.9237344
642,2458973.678184,0,3.9e-05,,TESS Sector 24-old,20781.0,-2.43261456489563e-05,657462195.9237344
643,2458963.001262,0,3.8e-05,,TESS Sector 24-old,20715.0,-9.689014405012131e-05,692520775.6232686
644,2458963.971934,0,3.8e-05,,TESS Sector 24-old,20721.0,-4.756590351462364e-05,692520775.6232686
645,2458967.692638,0,3.8e-05,,TESS Sector 24-old,20744.0,-6.382400169968605e-05,692520775.6232686
646,2458978.854795,0,3.8e-05,,TESS Sector 24-old,20813.0,-6.759818643331528e-05,692520775.6232686
647,2458979.66365611,0,1.15716e-05,,TESS Sector 24-old,20818.0,-5.871802568435669e-05,7468152443.287744
648,2458962.515966,0,3.7e-05,,TESS Sector 24-old,20712.0,-8.155219256877899e-05,730460189.9196494
649,2458962.839552,0,3.7e-05,,TESS Sector 24-old,20714.0,-3.64440493285656e-05,730460189.9196494
650,2458966.398505,0,3.7e-05,,TESS Sector 24-old,20736.0,-3.3256132155656815e-05,730460189.9196494
651,2458978.693049,0,3.6e-05,,TESS Sector 24-old,20812.0,-4.315190017223358e-05,771604938.2716049
652,2458961.383579,0,3.5e-05,,TESS Sector 24-old,20705.0,-7.543014362454414e-05,816326530.6122451
653,2458967.369055,0,3.5e-05,,TESS Sector 24-old,20742.0,-0.00010593188926577568,816326530.6122451
654,2458976.751762,0,3.5e-05,,TESS Sector 24-old,20800.0,-8.480018004775047e-05,816326530.6122451
655,2458979.987253,0,3.5e-05,,TESS Sector 24-old,20820.0,-2.719927579164505e-06,816326530.6122451
656,2458959.442327,0,3.4e-05,,TESS Sector 24-old,20693.0,-8.207792416214943e-05,865051903.1141869
657,2458960.736538,0,3.4e-05,,TESS Sector 24-old,20701.0,-3.4646131098270416e-05,865051903.1141869
658,2458966.236743,0,3.4e-05,,TESS Sector 24-old,20735.0,-2.4810433387756348e-05,865051903.1141869
659,2458965.751408,0,3.3e-05,,TESS Sector 24-old,20732.0,-4.84720803797245e-05,918273645.5463728
660,2458966.883776,0,3.3e-05,,TESS Sector 24-old,20739.0,-7.359450682997704e-05,918273645.5463728
661,2458962.030654,0,3.2e-05,,TESS Sector 24-old,20709.0,-8.221389725804329e-05,976562500.0
662,2458963.648362,0,3.2e-05,,TESS Sector 24-old,20719.0,-7.867394015192986e-05,976562500.0
663,2458974.163471,0,3.1e-05,,TESS Sector 24-old,20784.0,-4.86643984913826e-05,1040582726.3267429
664,2458975.781151,0,3.1e-05,,TESS Sector 24-old,20794.0,-7.312418892979622e-05,1040582726.3267429
665,2458979.340104,0,3.1e-05,,TESS Sector 24-old,20816.0,-6.993580609560013e-05,1040582726.3267429
666,2458967.207324,0,3e-05,,TESS Sector 24-old,20741.0,-6.64861872792244e-05,1111111111.1111112
667,2458980.472516,0,3e-05,,TESS Sector 24-old,20823.0,-5.1058363169431686e-05,1111111111.1111112
668,2458963.324908,0,2.9e-05,,TESS Sector 24-old,20717.0,8.217990398406982e-06,1189060642.0927467
669,2458965.427842,0,2.9e-05,,TESS Sector 24-old,20730.0,-7.35800713300705e-05,1189060642.0927467
670,2458965.913152,0,2.9e-05,,TESS Sector 24-old,20733.0,-7.491838186979294e-05,1189060642.0927467
671,2458967.045604,0,2.8e-05,,TESS Sector 24-old,20740.0,-1.6040168702602386e-05,1275510204.0816326
672,2458977.237132,0,2.8e-05,,TESS Sector 24-old,20803.0,-2.613849937915802e-05,1275510204.0816326
673,2458979.178347,0,2.8e-05,,TESS Sector 24-old,20815.0,-5.6490302085876465e-05,1275510204.0816326
674,2458963.48665,0,2.7e-05,,TESS Sector 24-old,20718.0,-2.0228326320648193e-05,1371742112.4828532
675,2458964.619002,0,2.6e-05,,TESS Sector 24-old,20725.0,-6.134994328022003e-05,1479289940.8284025
676,2458977.398853,0,2.6e-05,,TESS Sector 24-old,20804.0,-7.5584277510643e-05,1479289940.8284025
677,2458979.016581,0,2.6e-05,,TESS Sector 24-old,20814.0,-5.204416811466217e-05,1479289940.8284025
678,2458980.310753,0,2.6e-05,,TESS Sector 24-old,20822.0,-4.361197352409363e-05,1479289940.8284025
679,2458982.09021,0,2.6e-05,,TESS Sector 24-old,20833.0,-6.151804700493813e-05,1479289940.8284025
680,2458967.854404,0,2.5e-05,,TESS Sector 24-old,20745.0,-6.827013567090034e-05,1600000000.0
681,2458980.634314,0,2.5e-05,,TESS Sector 24-old,20824.0,-2.350378781557083e-05,1600000000.0
682,2458980.957819,0,2.5e-05,,TESS Sector 24-old,20826.0,-5.939602851867676e-05,1600000000.0
683,2458959.927668,0,2.4e-05,,TESS Sector 24-old,20696.0,-5.2416231483221054e-05,1736111111.111111
684,2458961.221807,0,2.4e-05,,TESS Sector 24-old,20704.0,-7.698405534029007e-05,1736111111.111111
685,2458964.133647,0,2.4e-05,,TESS Sector 24-old,20722.0,-0.0001050122082233429,1736111111.111111
686,2458964.29545,0,2.4e-05,,TESS Sector 24-old,20723.0,-7.245782762765884e-05,1736111111.111111
687,2458975.134051,0,2.4e-05,,TESS Sector 24-old,20790.0,-9.134039282798767e-05,1736111111.111111
688,2458981.766661,0,2.4e-05,,TESS Sector 24-old,20831.0,-6.962614133954048e-05,1736111111.111111
689,2458960.898269,0,2.3e-05,,TESS Sector 24-old,20702.0,-7.409229874610901e-05,1890359168.2419658
690,2458964.942552,0,2.3e-05,,TESS Sector 24-old,20727.0,-5.224253982305527e-05,1890359168.2419658
691,2458981.119658,0,2.3e-05,,TESS Sector 24-old,20827.0,9.157694876194e-06,1890359168.2419658
692,2458981.604906,0,2.2e-05,,TESS Sector 24-old,20830.0,-5.418015643954277e-05,2066115702.479339
693,2458961.707153,0,2.1e-05,,TESS Sector 24-old,20707.0,-4.232209175825119e-05,2267573696.145125
694,2458974.810532,0,2.1e-05,,TESS Sector 24-old,20788.0,-6.944825872778893e-05,2267573696.145125
695,2458977.560659,0,2.1e-05,,TESS Sector 24-old,20805.0,-4.00301069021225e-05,2267573696.145125
696,2458965.589638,0,2e-05,,TESS Sector 24-old,20731.0,-4.8026442527770996e-05,2499999999.9999995
697,2458967.53086,0,2e-05,,TESS Sector 24-old,20743.0,-7.13784247636795e-05,2499999999.9999995
698,2458974.00169,0,2e-05,,TESS Sector 24-old,20783.0,-5.92181459069252e-05,2499999999.9999995
699,2458978.045955,0,2e-05,,TESS Sector 24-old,20808.0,-5.536805838346481e-05,2499999999.9999995
700,2458962.192458,0,1.9e-05,,TESS Sector 24-old,20710.0,-4.866020753979683e-05,2770083102.4930744
701,2458977.884194,0,1.9e-05,,TESS Sector 24-old,20807.0,-4.592211917042732e-05,2770083102.4930744
702,2458982.25198,0,1.9e-05,,TESS Sector 24-old,20834.0,-6.196415051817894e-05,2770083102.4930744
703,2458975.942966,0,1.7e-05,,TESS Sector 24-old,20795.0,-2.8570182621479034e-05,3460207612.4567475
704,2458978.369494,0,1.7e-05,,TESS Sector 24-old,20810.0,-5.726004019379616e-05,3460207612.4567475
705,2458981.928433,0,1.7e-05,,TESS Sector 24-old,20832.0,-6.807222962379456e-05,3460207612.4567475
706,2458961.868918,0,1.6e-05,,TESS Sector 24-old,20708.0,-4.776846617460251e-05,3906250000.0
707,2458974.325201,0,1.6e-05,,TESS Sector 24-old,20785.0,-8.91098752617836e-05,3906250000.0
708,2458962.354232,0,1.5e-05,,TESS Sector 24-old,20711.0,-4.5105814933776855e-05,4444444444.444445
709,2458965.104317,0,1.5e-05,,TESS Sector 24-old,20728.0,-5.768798291683197e-05,4444444444.444445
710,2458964.457192,0,1.4e-05,,TESS Sector 24-old,20724.0,-0.00010090414434671402,5102040816.32653
711,2458978.207715,0,1.2e-05,,TESS Sector 24-old,20809.0,-6.581423804163933e-05,6944444444.444444
712,2458964.780782,0,1.1e-05,,TESS Sector 24-old,20726.0,-5.1795970648527145e-05,8264462809.917356
713,2458968.339733,0,1.1e-05,,TESS Sector 24-old,20748.0,-5.06080687046051e-05,8264462809.917356
714,2458974.648786,0,1.1e-05,,TESS Sector 24-old,20787.0,-4.500197246670723e-05,8264462809.917356
715,2458981.281373,0,1.1e-05,,TESS Sector 24-old,20828.0,-4.6288128942251205e-05,8264462809.917356
716,2458965.266071,0,1e-05,,TESS Sector 24-old,20729.0,-7.41342082619667e-05,9999999999.999998
717,2458977.722414,0,1e-05,,TESS Sector 24-old,20806.0,-5.547609180212021e-05,9999999999.999998
718,2458978.531298,0,9e-06,,TESS Sector 24-old,20811.0,-2.3706350475549698e-05,12345679012.345678
719,2458961.545328,0,8e-06,,TESS Sector 24-old,20706.0,-9.687617421150208e-05,15625000000.0
720,2458968.016203,0,6e-06,,TESS Sector 24-old,20746.0,-3.9715785533189774e-05,27777777777.777775
721,2458968.177985,0,6e-06,,TESS Sector 24-old,20747.0,-2.8162263333797455e-05,27777777777.777775
722,2458981.443106,0,6e-06,,TESS Sector 24-old,20829.0,-8.373428136110306e-05,27777777777.777775
723,2460543.33680524,0,4.51521e-05,,This Study,30484.0,-4.062429070472717e-05,490505737.97138774
724,2459672.526471,0,8.7e-05,,TESS Sector 50-old,25101.0,-6.404612213373184e-05,132117849.1214163
725,2459684.335705,0,8.2e-05,,TESS Sector 50-old,25174.0,-7.260404527187347e-05,148720999.405116
726,2459685.306328,0,7.5e-05,,TESS Sector 50-old,25180.0,-7.227994501590729e-05,177777777.77777782
727,2459687.085806,0,6.7e-05,,TESS Sector 50-old,25191.0,-6.918609142303467e-05,222766763.19893068
728,2459674.467758,0,6e-05,,TESS Sector 50-old,25113.0,-2.2398307919502258e-05,277777777.7777778
729,2459683.688687,0,5.7e-05,,TESS Sector 50-old,25170.0,-8.82009044289589e-06,307787011.3881194
730,2459686.438743,0,5.4e-05,,TESS Sector 50-old,25187.0,-5.040224641561508e-05,342935528.1207133
731,2459674.144156,0,5.1e-05,,TESS Sector 50-old,25111.0,-8.350610733032227e-05,384467512.49519414
732,2459670.423513,0,5e-05,,TESS Sector 50-old,25088.0,-6.248243153095245e-06,400000000.0
733,2459673.173595,0,4.8e-05,,TESS Sector 50-old,25105.0,-2.1830201148986816e-05,434027777.77777773
734,2459688.05644,0,4.8e-05,,TESS Sector 50-old,25197.0,-5.7862140238285065e-05,434027777.77777773
735,2459685.629868,0,4.7e-05,,TESS Sector 50-old,25182.0,-7.317215204238892e-05,452693526.48257136
736,2459687.732935,0,4.7e-05,,TESS Sector 50-old,25195.0,-2.1969899535179138e-05,452693526.48257136
737,2459670.261712,0,4.6e-05,,TESS Sector 50-old,25087.0,-3.680214285850525e-05,472589792.06049144
738,2459671.394086,0,4.6e-05,,TESS Sector 50-old,25094.0,-5.5924057960510254e-05,472589792.06049144
739,2459672.850027,0,4.6e-05,,TESS Sector 50-old,25103.0,-4.893820732831955e-05,472589792.06049144
740,2459669.776422,0,4.5e-05,,TESS Sector 50-old,25084.0,-1.5464145690202713e-05,493827160.4938271
741,2459675.923654,0,4.5e-05,,TESS Sector 50-old,25122.0,-6.0412101447582245e-05,493827160.4938271
742,2459675.6001,0,4.4e-05,,TESS Sector 50-old,25120.0,-7.35200010240078e-05,516528925.6198347
743,2459673.33535,0,4.3e-05,,TESS Sector 50-old,25106.0,-3.727618604898453e-05,540832882.6392645
744,2459673.658892,0,4.3e-05,,TESS Sector 50-old,25108.0,-3.616791218519211e-05,540832882.6392645
745,2459684.01215,0,4.3e-05,,TESS Sector 50-old,25172.0,-8.671218529343605e-05,540832882.6392645
746,2459671.717667,0,4.2e-05,,TESS Sector 50-old,25096.0,-1.5816185623407364e-05,566893424.0362812
747,2459677.21783,0,4.2e-05,,TESS Sector 50-old,25130.0,-4.798034206032753e-05,566893424.0362812
748,2459683.526854,0,4.1e-05,,TESS Sector 50-old,25169.0,-7.137423381209373e-05,594883997.620464
749,2459691.291885,0,4.1e-05,,TESS Sector 50-old,25217.0,-2.178177237510681e-05,594883997.620464
750,2459684.821039,0,4e-05,,TESS Sector 50-old,25177.0,-4.9942173063755035e-05,624999999.9999999
751,2459672.202922,0,3.9e-05,,TESS Sector 50-old,25099.0,-7.21542164683342e-05,657462195.9237344
752,2459673.497138,0,3.8e-05,,TESS Sector 50-old,25107.0,-1.972215250134468e-05,692520775.6232686
753,2459674.791352,0,3.7e-05,,TESS Sector 50-old,25115.0,3.0709896236658096e-05,730460189.9196494
754,2459685.1446,0,3.7e-05,,TESS Sector 50-old,25179.0,-2.983398735523224e-05,730460189.9196494
755,2459688.703526,0,3.7e-05,,TESS Sector 50-old,25201.0,-5.3646042943000793e-05,730460189.9196494
756,2459674.629508,0,3.5e-05,,TESS Sector 50-old,25114.0,-4.2844098061323166e-05,816326530.6122451
757,2459690.968348,0,3.5e-05,,TESS Sector 50-old,25215.0,-1.7889775335788727e-05,816326530.6122451
758,2459670.09992,0,3.4e-05,,TESS Sector 50-old,25086.0,-5.8356206864118576e-05,865051903.1141869
759,2459676.570742,0,3.3e-05,,TESS Sector 50-old,25126.0,-5.419645458459854e-05,918273645.5463728
760,2459677.86492,0,3.3e-05,,TESS Sector 50-old,25134.0,-3.976421430706978e-05,918273645.5463728
761,2459685.791674,0,3.3e-05,,TESS Sector 50-old,25183.0,-3.761798143386841e-05,918273645.5463728
762,2459678.026635,0,3.2e-05,,TESS Sector 50-old,25135.0,-9.521003812551498e-05,976562500.0
763,2459684.497515,0,3.2e-05,,TESS Sector 50-old,25175.0,-3.3050309866666794e-05,976562500.0
764,2459670.585228,0,3.1e-05,,TESS Sector 50-old,25089.0,-6.169406697154045e-05,1040582726.3267429
765,2459677.703119,0,3.1e-05,,TESS Sector 50-old,25133.0,-7.031811401247978e-05,1040582726.3267429
766,2459690.483009,0,3.1e-05,,TESS Sector 50-old,25212.0,-4.555238410830498e-05,1040582726.3267429
767,2459670.908843,0,3e-05,,TESS Sector 50-old,25091.0,1.2413598597049713e-05,1111111111.1111112
768,2459675.761883,0,3e-05,,TESS Sector 50-old,25121.0,-6.0966238379478455e-05,1111111111.1111112
769,2459687.571141,0,3e-05,,TESS Sector 50-old,25194.0,-4.552444443106651e-05,1111111111.1111112
770,2459688.379957,0,3e-05,,TESS Sector 50-old,25199.0,-8.175428956747055e-05,1111111111.1111112
771,2459690.159444,0,3e-05,,TESS Sector 50-old,25210.0,-6.966013461351395e-05,1111111111.1111112
772,2459690.644818,0,3e-05,,TESS Sector 50-old,25213.0,-6.9979578256607056e-06,1111111111.1111112
773,2459673.820657,0,2.9e-05,,TESS Sector 50-old,25109.0,-4.1614286601543427e-05,1189060642.0927467
774,2459676.085405,0,2.9e-05,,TESS Sector 50-old,25123.0,-7.985811680555344e-05,1189060642.0927467
775,2459676.732518,0,2.9e-05,,TESS Sector 50-old,25127.0,-4.864204674959183e-05,1189060642.0927467
776,2459686.600468,0,2.9e-05,,TESS Sector 50-old,25188.0,-9.584799408912659e-05,1189060642.0927467
777,2459675.27658,0,2.8e-05,,TESS Sector 50-old,25118.0,-5.2628107368946075e-05,1275510204.0816326
778,2459676.408979,0,2.8e-05,,TESS Sector 50-old,25125.0,-4.675006493926048e-05,1275510204.0816326
779,2459676.8943,0,2.8e-05,,TESS Sector 50-old,25128.0,-3.708852455019951e-05,1275510204.0816326
780,2459689.350582,0,2.7e-05,,TESS Sector 50-old,25205.0,-7.943017408251762e-05,1371742112.4828532
781,2459670.747001,0,2.6e-05,,TESS Sector 50-old,25090.0,-5.91399148106575e-05,1479289940.8284025
782,2459673.982384,0,2.6e-05,,TESS Sector 50-old,25110.0,-8.506001904606819e-05,1479289940.8284025
783,2459684.659298,0,2.6e-05,,TESS Sector 50-old,25176.0,-2.0496081560850143e-05,1479289940.8284025
784,2459687.409327,0,2.6e-05,,TESS Sector 50-old,25193.0,-8.907821029424667e-05,1479289940.8284025
785,2459689.02707,0,2.6e-05,,TESS Sector 50-old,25203.0,-5.053821951150894e-05,1479289940.8284025
786,2459690.321217,0,2.6e-05,,TESS Sector 50-old,25211.0,-6.7105982452631e-05,1479289940.8284025
787,2459691.130063,0,2.6e-05,,TESS Sector 50-old,25216.0,-7.333606481552124e-05,1479289940.8284025
788,2459672.041157,0,2.5e-05,,TESS Sector 50-old,25098.0,-6.670784205198288e-05,1600000000.0
789,2459675.114757,0,2.5e-05,,TESS Sector 50-old,25117.0,-0.00010518217459321022,1600000000.0
790,2459689.835916,0,2.5e-05,,TESS Sector 50-old,25208.0,-5.6768301874399185e-05,1600000000.0
791,2459671.232341,0,2.4e-05,,TESS Sector 50-old,25093.0,-3.047846257686615e-05,1736111111.111111
792,2459677.541363,0,2.4e-05,,TESS Sector 50-old,25132.0,-5.5872369557619095e-05,1736111111.111111
793,2459687.89468,0,2.4e-05,,TESS Sector 50-old,25196.0,-4.741642624139786e-05,1736111111.111111
794,2459688.865286,0,2.4e-05,,TESS Sector 50-old,25202.0,-6.409222260117531e-05,1736111111.111111
795,2459690.806546,0,2.4e-05,,TESS Sector 50-old,25214.0,-4.944438114762306e-05,1736111111.111111
796,2459676.24721,0,2.3e-05,,TESS Sector 50-old,25124.0,-4.5303720980882645e-05,1890359168.2419658
797,2459678.350262,0,2.3e-05,,TESS Sector 50-old,25137.0,-9.101815521717072e-06,1890359168.2419658
798,2459684.173962,0,2.3e-05,,TESS Sector 50-old,25173.0,-4.515843465924263e-05,1890359168.2419658
799,2459685.468117,0,2.3e-05,,TESS Sector 50-old,25181.0,-5.3726136684417725e-05,1890359168.2419658
800,2459688.218178,0,2.3e-05,,TESS Sector 50-old,25198.0,-9.030848741531372e-05,1890359168.2419658
801,2459669.61463,0,2.2e-05,,TESS Sector 50-old,25083.0,-3.701774403452873e-05,2066115702.479339
802,2459684.982799,0,2.2e-05,,TESS Sector 50-old,25178.0,-6.038788706064224e-05,2066115702.479339
803,2459688.541745,0,2.2e-05,,TESS Sector 50-old,25200.0,-6.42002560198307e-05,2066115702.479339
804,2459672.68826,0,2.1e-05,,TESS Sector 50-old,25102.0,-4.549184814095497e-05,2267573696.145125
805,2459678.188447,0,2e-05,,TESS Sector 50-old,25136.0,-5.3656287491321564e-05,2499999999.9999995
806,2459671.555874,0,1.9e-05,,TESS Sector 50-old,25095.0,-3.8370490074157715e-05,2770083102.4930744
807,2459671.070528,0,1.8e-05,,TESS Sector 50-old,25092.0,-7.303198799490929e-05,3086419753.0864196
808,2459675.438317,0,1.8e-05,,TESS Sector 50-old,25119.0,-8.607422932982445e-05,3086419753.0864196
809,2459686.924006,0,1.8e-05,,TESS Sector 50-old,25190.0,-9.873975068330765e-05,3086419753.0864196
810,2459689.674156,0,1.8e-05,,TESS Sector 50-old,25207.0,-4.632212221622467e-05,3086419753.0864196
811,2459683.850402,0,1.6e-05,,TESS Sector 50-old,25171.0,-6.42663799226284e-05,3906250000.0
812,2459689.512382,0,1.6e-05,,TESS Sector 50-old,25206.0,-4.9876049160957336e-05,3906250000.0
813,2459689.997705,0,1.6e-05,,TESS Sector 50-old,25209.0,-3.8214027881622314e-05,3906250000.0
814,2459674.953024,0,1.5e-05,,TESS Sector 50-old,25116.0,-6.773602217435837e-05,4444444444.444445
815,2459686.115201,0,1.5e-05,,TESS Sector 50-old,25185.0,-5.1510054618120193e-05,4444444444.444445
816,2459689.188832,0,1.5e-05,,TESS Sector 50-old,25204.0,-5.8984383940696716e-05,4444444444.444445
817,2459677.056062,0,1.4e-05,,TESS Sector 50-old,25129.0,-4.5534223318099976e-05,5102040816.32653
818,2459687.2476,0,1.3e-05,,TESS Sector 50-old,25192.0,-4.56320121884346e-05,5917159763.31361
819,2459686.762273,0,1.1e-05,,TESS Sector 50-old,25189.0,-6.12940639257431e-05,8264462809.917356
820,2459674.305937,0,1e-05,,TESS Sector 50-old,25112.0,-7.295189425349236e-05,9999999999.999998
821,2459671.879416,0,9e-06,,TESS Sector 50-old,25097.0,-3.7262216210365295e-05,12345679012.345678
822,2459677.379595,0,9e-06,,TESS Sector 50-old,25131.0,-5.342625081539154e-05,12345679012.345678
823,2459686.27693,0,7e-06,,TESS Sector 50-old,25186.0,-9.295577183365822e-05,20408163265.30612
824,2459710.542589,0,5.9e-05,,TESS Sector 51-old,25336.0,-8.563511073589325e-07,287273771.9046251
825,2459700.836378,0,5.3e-05,,TESS Sector 51-old,25276.0,1.4903955161571503e-05,355998576.00569594
826,2459717.498659,0,5.1e-05,,TESS Sector 51-old,25379.0,-6.003445014357567e-05,384467512.49519414
827,2459701.321619,0,5e-05,,TESS Sector 51-old,25279.0,-5.543418228626251e-05,400000000.0
828,2459703.262851,0,4.6e-05,,TESS Sector 51-old,25291.0,-6.878608837723732e-05,472589792.06049144
829,2459714.101446,0,4.6e-05,,TESS Sector 51-old,25358.0,-9.366823360323906e-05,472589792.06049144
830,2459699.380377,0,4.5e-05,,TESS Sector 51-old,25267.0,-5.20818866789341e-05,493827160.4938271
831,2459700.02746,0,4.4e-05,,TESS Sector 51-old,25271.0,-5.086604505777359e-05,516528925.6198347
832,2459700.512779,0,4.4e-05,,TESS Sector 51-old,25274.0,-4.320405423641205e-05,516528925.6198347
833,2459714.425019,0,4.4e-05,,TESS Sector 51-old,25360.0,-6.155995652079582e-05,516528925.6198347
834,2459691.453575,0,4.3e-05,,TESS Sector 51-old,25218.0,-0.00010222801938652992,540832882.6392645
835,2459704.557015,0,4.3e-05,,TESS Sector 51-old,25299.0,-6.835442036390305e-05,540832882.6392645
836,2459711.998467,0,4.3e-05,,TESS Sector 51-old,25345.0,-5.686981603503227e-05,540832882.6392645
837,2459713.939743,0,4.3e-05,,TESS Sector 51-old,25357.0,-2.6221852749586105e-05,540832882.6392645
838,2459711.513138,0,4.2e-05,,TESS Sector 51-old,25342.0,-7.453234866261482e-05,566893424.0362812
839,2459714.910357,0,4.2e-05,,TESS Sector 51-old,25363.0,-3.48980538547039e-05,566893424.0362812
840,2459715.395631,0,4.2e-05,,TESS Sector 51-old,25366.0,-7.223617285490036e-05,566893424.0362812
841,2459715.719248,0,4.1e-05,,TESS Sector 51-old,25368.0,3.871973603963852e-06,594883997.620464
842,2459717.17511,0,4e-05,,TESS Sector 51-old,25377.0,-6.814207881689072e-05,624999999.9999999
843,2459713.130819,0,3.9e-05,,TESS Sector 51-old,25352.0,-9.799236431717873e-05,657462195.9237344
844,2459716.042735,0,3.9e-05,,TESS Sector 51-old,25370.0,-5.001993849873543e-05,657462195.9237344
845,2459702.454041,0,3.8e-05,,TESS Sector 51-old,25286.0,-2.6556197553873062e-05,692520775.6232686
846,2459703.909954,0,3.8e-05,,TESS Sector 51-old,25295.0,-4.757056012749672e-05,692520775.6232686
847,2459704.395268,0,3.8e-05,,TESS Sector 51-old,25298.0,-4.4907908886671066e-05,692520775.6232686
848,2459714.263199,0,3.7e-05,,TESS Sector 51-old,25359.0,-0.0001111137680709362,730460189.9196494
849,2459717.013413,0,3.7e-05,,TESS Sector 51-old,25376.0,5.30388206243515e-06,730460189.9196494
850,2459697.924436,0,3.6e-05,,TESS Sector 51-old,25258.0,-5.90677373111248e-05,771604938.2716049
851,2459698.086197,0,3.5e-05,,TESS Sector 51-old,25259.0,-6.85141421854496e-05,816326530.6122451
852,2459701.159856,0,3.5e-05,,TESS Sector 51-old,25278.0,-4.798825830221176e-05,816326530.6122451
853,2459715.233865,0,3.5e-05,,TESS Sector 51-old,25365.0,-6.779050454497337e-05,816326530.6122451
854,2459703.10112,0,3.4e-05,,TESS Sector 51-old,25290.0,-2.9340386390686035e-05,865051903.1141869
855,2459711.027828,0,3.4e-05,,TESS Sector 51-old,25339.0,-7.319403812289238e-05,865051903.1141869
856,2459713.292605,0,3.4e-05,,TESS Sector 51-old,25353.0,-8.243788033723831e-05,865051903.1141869
857,2459701.483373,0,3.3e-05,,TESS Sector 51-old,25280.0,-7.188040763139725e-05,918273645.5463728
858,2459697.762674,0,3.2e-05,,TESS Sector 51-old,25257.0,-5.0622038543224335e-05,976562500.0
859,2459710.380763,0,3.2e-05,,TESS Sector 51-old,25335.0,-5.6410208344459534e-05,976562500.0
860,2459712.645597,0,3.2e-05,,TESS Sector 51-old,25349.0,-8.653849363327026e-06,976562500.0
861,2459715.557411,0,3.2e-05,,TESS Sector 51-old,25367.0,-6.268220022320747e-05,976562500.0
862,2459711.351393,0,3.1e-05,,TESS Sector 51-old,25341.0,-4.90858219563961e-05,1040582726.3267429
863,2459714.586788,0,3.1e-05,,TESS Sector 51-old,25361.0,-6.300583481788635e-05,1040582726.3267429
864,2459700.189176,0,3e-05,,TESS Sector 51-old,25272.0,-0.00010531209409236908,1111111111.1111112
865,2459704.071716,0,3e-05,,TESS Sector 51-old,25296.0,-5.6016258895397186e-05,1111111111.1111112
866,2459713.778019,0,3e-05,,TESS Sector 51-old,25356.0,2.0223669707775116e-05,1111111111.1111112
867,2459714.748573,0,3e-05,,TESS Sector 51-old,25362.0,-4.845205694437027e-05,1111111111.1111112
868,2459698.409736,0,2.9e-05,,TESS Sector 51-old,25261.0,-7.040612399578094e-05,1189060642.0927467
869,2459702.292266,0,2.9e-05,,TESS Sector 51-old,25285.0,-3.1109899282455444e-05,1189060642.0927467
870,2459712.969104,0,2.9e-05,,TESS Sector 51-old,25351.0,-4.254607483744621e-05,1189060642.0927467
871,2459701.645162,0,2.8e-05,,TESS Sector 51-old,25281.0,-5.3326133638620377e-05,1275510204.0816326
872,2459701.80693,0,2.8e-05,,TESS Sector 51-old,25282.0,-5.577225238084793e-05,1275510204.0816326
873,2459702.615786,0,2.8e-05,,TESS Sector 51-old,25287.0,-5.2001792937517166e-05,1275510204.0816326
874,2459703.424656,0,2.8e-05,,TESS Sector 51-old,25292.0,-3.4232158213853836e-05,1275510204.0816326
875,2459703.58645,0,2.8e-05,,TESS Sector 51-old,25293.0,-1.0678078979253769e-05,1275510204.0816326
876,2459702.77757,0,2.7e-05,,TESS Sector 51-old,25288.0,-3.844825550913811e-05,1371742112.4828532
877,2459712.807396,0,2.7e-05,,TESS Sector 51-old,25350.0,1.989956945180893e-05,1371742112.4828532
878,2459716.851612,0,2.7e-05,,TESS Sector 51-old,25375.0,-2.525048330426216e-05,1371742112.4828532
879,2459713.454415,0,2.6e-05,,TESS Sector 51-old,25354.0,-4.288414493203163e-05,1479289940.8284025
880,2459713.61613,0,2.6e-05,,TESS Sector 51-old,25355.0,-9.832996875047684e-05,1479289940.8284025
881,2459700.350956,0,2.5e-05,,TESS Sector 51-old,25273.0,-9.57581214606762e-05,1600000000.0
882,2459700.998112,0,2.5e-05,,TESS Sector 51-old,25277.0,-2.1541956812143326e-05,1600000000.0
883,2459702.130507,0,2.5e-05,,TESS Sector 51-old,25284.0,-1.966441050171852e-05,1600000000.0
884,2459711.189614,0,2.5e-05,,TESS Sector 51-old,25340.0,-5.764048546552658e-05,1600000000.0
885,2459711.674938,0,2.5e-05,,TESS Sector 51-old,25343.0,-4.4978223741054535e-05,1600000000.0
886,2459715.880948,0,2.5e-05,,TESS Sector 51-old,25369.0,-6.657419726252556e-05,1600000000.0
887,2459716.204454,0,2.5e-05,,TESS Sector 51-old,25371.0,-0.00010146619752049446,1600000000.0
888,2459716.689795,0,2.5e-05,,TESS Sector 51-old,25374.0,-7.180403918027878e-05,1600000000.0
889,2459715.07211,0,2.4e-05,,TESS Sector 51-old,25364.0,-5.2344053983688354e-05,1736111111.111111
890,2459716.36626,0,2.4e-05,,TESS Sector 51-old,25372.0,-6.591202691197395e-05,1736111111.111111
891,2459697.600963,0,2.3e-05,,TESS Sector 51-old,25256.0,8.824281394481659e-06,1890359168.2419658
892,2459702.93931,0,2.3e-05,,TESS Sector 51-old,25289.0,-6.889412179589272e-05,1890359168.2419658
893,2459704.233468,0,2.3e-05,,TESS Sector 51-old,25297.0,-7.446249946951866e-05,1890359168.2419658
894,2459698.247996,0,2.2e-05,,TESS Sector 51-old,25260.0,-3.995979204773903e-05,2066115702.479339
895,2459699.865722,0,2.2e-05,,TESS Sector 51-old,25270.0,-1.8420163542032242e-05,2066115702.479339
896,2459700.674562,0,2.2e-05,,TESS Sector 51-old,25275.0,-3.06498259305954e-05,2066115702.479339
897,2459699.542162,0,2.1e-05,,TESS Sector 51-old,25268.0,-3.7528108805418015e-05,2267573696.145125
898,2459701.968699,0,2.1e-05,,TESS Sector 51-old,25283.0,-5.721813067793846e-05,2267573696.145125
899,2459703.748167,0,2.1e-05,,TESS Sector 51-old,25294.0,-6.412435322999954e-05,2267573696.145125
900,2459717.336892,0,1.9e-05,,TESS Sector 51-old,25378.0,-5.658809095621109e-05,2770083102.4930744
901,2459699.218611,0,1.8e-05,,TESS Sector 51-old,25266.0,-4.763621836900711e-05,3086419753.0864196
902,2459711.836679,0,1.7e-05,,TESS Sector 51-old,25344.0,-7.442431524395943e-05,3460207612.4567475
903,2459698.57148,0,1.6e-05,,TESS Sector 51-old,25262.0,-9.685242548584938e-05,3906250000.0
904,2459699.703861,0,1.6e-05,,TESS Sector 51-old,25269.0,-0.00010897405445575714,3906250000.0
905,2459698.895021,0,1.5e-05,,TESS Sector 51-old,25264.0,-9.674439206719398e-05,4444444444.444445
906,2459710.866115,0,1.5e-05,,TESS Sector 51-old,25338.0,-1.5748199075460434e-05,4444444444.444445
907,2459712.160203,0,1.4e-05,,TESS Sector 51-old,25346.0,-9.131617844104767e-05,5102040816.32653
908,2459712.483793,0,1.4e-05,,TESS Sector 51-old,25348.0,-4.2208004742860794e-05,5102040816.32653
909,2459716.528071,0,1.2e-05,,TESS Sector 51-old,25373.0,-2.5358516722917557e-05,6944444444.444444
